,v1  CLS price,—   CLS price+v3,v4  CLS price+insider,—   CLS price+v3+insider,v2  REG price,v3  REG price+v3,—   REG price+insider,—   REG price+v3+insider,mom 20d,SPY
2022-01-03,100000.0,100000.0,100000.0,100000.0,100000.0,100000.0,100000.0,100000.0,95594.29936883847,100000.0
2022-01-04,99443.81075199996,98193.79129970915,100027.82152299999,99320.87956100001,99593.23185849997,100571.94228349999,100777.87048049997,100214.20310249997,95716.17119283848,99615.9436585
2022-01-05,96845.60408446952,95672.89523470914,96370.32183864505,95948.58289346952,98398.39185849998,99611.99228349997,99493.98048049997,98036.92310249999,94132.86277433488,97710.9236585
2022-01-06,96712.28393547275,95807.4066962458,96580.78094288746,95672.47191546953,97984.15185849999,99636.16228349999,100069.2494337424,98407.2220557424,93730.26626350032,97618.1036585
2022-01-07,96507.76724895554,94815.83257105839,96034.28611537025,94320.26833162353,98100.31776561591,99973.9222835,101713.11718024239,99229.24344774241,94617.17642050033,97233.56365849999
2022-01-10,95476.90645277029,94977.37947887313,95467.50679610082,93819.2847138541,97213.1400568284,99562.13228349999,100695.64718024239,98476.3777374721,94085.04642050032,97114.2236585
2022-01-11,96890.69544319855,96322.13375087314,96632.23094310082,94946.1854818541,98430.11701421841,100730.72228349998,101796.4871802424,99245.4748019721,95278.20642050031,97991.59365849999
2022-01-12,97401.31481919855,95523.68099387315,97419.78840709604,95384.99548185412,99252.2870142184,101161.995151,102111.33004774238,99764.12766947209,94894.45642050033,98259.0036585
2022-01-13,96275.31376717224,94044.18038474934,96535.66255325323,95256.49442982777,99415.916112956,100275.77866049997,101098.86511974239,98920.2273304721,94597.59642050033,96908.6936585
2022-01-14,97598.8380928326,93897.6273806411,97475.56456925324,95999.84086782779,100967.45179745599,100863.36521235842,101400.68511974238,98982.85763447208,95445.90642050032,96948.4736585
2022-01-18,96057.05884633257,92497.62237065921,96048.45070875638,95129.93325682779,99000.34179745599,99697.84747735842,99999.58804974606,97945.05763447208,95298.50642050031,95237.9336585
2022-01-19,95189.29559133257,91257.71348568807,94193.13521449995,94050.85752482778,98220.39172814641,99559.88867285843,99019.70524413264,97706.70162097208,93502.42837050032,94252.27365850001
2022-01-20,93063.31677783259,90123.87159254513,92378.24587908821,92523.13698782779,96081.4359011464,98518.83374985843,96551.77600863265,96826.24952297208,91804.52496450032,93213.5736585
2022-01-21,89255.10880481373,89202.36618989383,90812.55396453798,90731.83334882779,94606.55716393786,96940.8126901685,94324.19601910221,94829.0987246364,90475.11415870403,91388.11365849999
2022-01-24,89654.45596329219,88606.63672028322,90941.23346192962,90481.0230327486,94566.08961276585,96464.04098939202,92971.1441179234,95080.00702765836,90390.41195614847,91774.86365849999
2022-01-25,89801.1957607922,90053.11073028321,90133.4522469296,93548.54160699082,95404.15538026586,99768.29622489202,92478.13211856996,97774.98773153994,94257.67244595295,90658.81365849999
2022-01-26,88630.81001765547,89108.09017140379,90365.15099621442,93059.14316566386,94025.73177726586,99209.14894520017,92034.21907556996,98065.64163572853,94303.03745892539,90433.39365849999
2022-01-27,88417.13826874777,89749.81804862429,90216.66232012227,93807.09084868185,93354.4567414627,99327.13042370016,91848.22907556995,98229.64187858335,93937.4390154254,89986.9736585
2022-01-28,90242.58406674776,91590.88593262433,91716.95353362228,94844.71517668184,93883.48285465555,99450.18838670017,94406.78907556995,98633.43865358336,94727.26901542541,92214.6536585
2022-01-31,93410.86292524378,91681.6289576243,93700.90236358067,95836.26517668186,95293.32946365557,100360.62809070018,96237.14907556996,99513.79359758334,94863.8190154254,93869.9436585
2022-02-01,94364.3257092438,93237.78542054235,93521.29886358068,98171.17720892325,96256.73823571556,103839.33565605826,97067.61515556996,101805.85391315477,97182.99547671556,94502.0036585
2022-02-02,94889.30184882178,93697.46062454233,94275.30886358069,98530.93114892328,96875.94279971556,104510.97320143375,97741.57656056994,102090.82723415477,97389.57036971557,95416.9436585
2022-02-03,93681.39818232179,93662.24772954235,93437.00959958068,97570.65069892327,96188.41361571554,103527.46170493374,96662.78647531994,100176.49380615477,96564.62036971556,93180.4236585
2022-02-04,92731.3422863218,93773.21500604236,92816.26382958068,98120.15065016449,94847.49461071554,104824.09915793373,96353.67131782934,100679.20135715477,97879.0049213107,93618.0036585
2022-02-07,94283.1628088218,94073.76848354234,92756.85093758069,98382.89711616449,96768.84845771556,105393.29915793374,96421.93880382934,102058.67135715477,98843.1296973107,93319.6536585
2022-02-08,94607.48948482178,94536.55848354234,92477.41662258067,98632.75180716447,97298.47456771554,104465.69356687772,96603.17120382935,102085.2748648625,97035.97841431071,94084.31365849999
2022-02-09,95235.81786267551,96157.37275062595,93834.22586508066,100597.11575665021,96886.72431771555,106695.20520337771,97569.60804682932,103813.67687486249,98092.8695643107,95456.7236585
2022-02-10,94634.72727067552,95585.81780112596,92287.66921508066,100217.26070265022,96061.37431771554,106459.0079473777,96774.19364682933,103003.86325403288,97744.17646881069,93746.1836585
2022-02-11,95495.25727067552,97067.62841912595,93249.93395258067,101443.30802115022,96685.87322171556,108658.26600887773,96924.16660078175,102077.5975210329,98683.1722938107,91905.2536585
2022-02-14,93946.7072706755,95055.56736212595,91791.37847258066,99126.69056615022,96042.02469571555,105239.21600887772,94674.56743978175,100661.6904765329,96917.78229381068,91604.6936585
2022-02-15,93722.0154206755,94524.76927613796,91182.14662258068,99249.1005661502,95788.65773171555,104687.80969501403,94596.55963219189,103655.32047653288,96546.87229381071,93076.55365850001
2022-02-16,93740.7311626755,94949.86196363796,91784.00332658067,100351.73075815022,96344.78790421554,105218.70890801403,95521.0294051919,104205.29541575088,96931.0560828107,93180.4236585
2022-02-17,92973.13431867551,94418.61269863794,91809.20332658068,99628.5298141502,96259.58520021556,105072.25045051401,94621.3194051919,103019.07870825089,96142.4315573107,91198.05365850001
2022-02-18,92564.39142267552,93347.41386769162,91618.04742508067,98931.9598141502,95994.90762771555,104259.65550301402,93270.7306401919,101294.1791212509,95534.94426831027,90610.1936585
2022-02-22,90080.60077140489,92161.76140659416,89844.36233185936,97747.4485356502,94440.03271371555,101528.22411412984,90254.94726291162,98510.37313590966,94314.33345643294,89640.0036585
2022-02-23,89154.5371185937,91452.48380159416,89637.90865985936,97387.07114617611,94083.83437121555,102410.96793112982,89406.23447391161,97553.80350415086,93175.03700793296,88079.7436585
2022-02-24,91830.46132959367,90450.38896609416,89911.26855135936,96753.5867381761,93610.97752721555,101153.78627753073,88371.45620141161,97213.40412236743,91426.51674796565,89310.7136585
2022-02-25,94137.40658398767,92378.90564459417,92587.78589885935,98822.89181717612,96050.33565471554,104783.67201453073,89949.8260784116,100332.03141241301,93997.78747096565,91341.7036585
2022-02-28,96025.10414549062,93991.72191700549,94187.81370385937,102604.48446817612,95525.97465529195,107592.95106912419,91658.55452502883,103988.35771591302,95923.44892934657,91107.4436585
2022-03-01,95383.87088749063,92629.90002550549,93263.63854635936,102472.56865757375,93259.24825450742,107349.9174951242,90512.37479520311,103713.45677559602,95423.3160587445,89726.1936585
2022-03-02,97435.04772891894,94600.90023068433,94764.01400010503,104905.06877157376,96027.97266000492,109846.4379969682,91802.5859932031,105117.00371509601,97038.3330397445,91370.4336585
2022-03-03,96789.02971591895,94593.78445421794,95023.42206760503,104990.95944559063,95493.34314550493,110396.1526439682,90442.07599320308,104369.92371509603,95626.77139814213,90917.3836585
2022-03-04,96477.49118341896,94193.83688155917,95298.9661230195,105832.18220009046,93681.60612289894,113212.00445629674,89265.43705378099,104981.85780609601,95323.24556811279,90181.4536585
2022-03-07,94972.63778281964,92152.43460780481,93967.94166636707,106018.8287055359,91198.02318747231,114450.00726665882,86938.2279577093,105046.62086682391,94251.24360463701,87531.6636585
2022-03-08,96222.10163296331,91939.47883280482,94737.1804583175,106568.6158700359,90709.0646834723,113230.12105665883,86560.8318192093,104981.40675282391,92496.837419637,86870.8736585
2022-03-09,98510.79636646331,94854.64883280479,97109.75249456748,107502.37376206667,90659.07195447481,111183.9981629485,90345.2899119328,107003.9667528239,91309.45115043844,89191.3736585
2022-03-10,97880.42091918841,94502.1988328048,96128.09670306748,107571.38523556666,91121.80403647482,113782.97275650725,90115.02245993279,107516.00675282392,93388.06973968845,88789.1536585
2022-03-11,96273.14909428378,93743.79583181368,94035.72462706748,105549.29523556668,90536.80256547482,111874.77635150723,88935.0250634328,106093.95224082391,93021.55973968844,87664.2636585
2022-03-14,96056.20030857145,94021.05124281367,92772.42481531901,103669.96523556666,89981.47297927641,108478.56510242552,87666.2791232395,104735.07813082391,90094.94855155569,87025.5736585
2022-03-15,97465.69725443906,95569.46124281368,94853.88907281902,105385.02861373403,89683.24622927642,107532.28935042549,89568.59047523951,105445.70708129134,89106.5793622359,88932.80365850001
2022-03-16,98399.17055130866,96898.75668281369,98000.8853575747,108126.4761078298,89504.24313627642,106503.6313129255,91601.14432684224,108114.66406735913,88076.59306673589,90897.4936585
2022-03-17,100875.73283380865,97708.35913081368,99585.8373810747,110131.8658138298,90579.93781177641,110464.3545779255,92520.24371134726,110772.44544658603,90274.28807473593,92031.2236585
2022-03-18,101487.99589330866,98136.96728081367,101464.60898380715,111824.1080392532,90716.04625377641,110245.80909792549,93414.67839534726,111178.27297546345,90457.7955384784,93036.77365850001
2022-03-21,103421.9749327989,98538.95336289905,100088.22645280714,111009.02356425318,93005.95625377641,114665.90917425073,94143.4552056998,113337.11450913205,91412.55865743643,93008.0436585
2022-03-22,103643.37961129888,98362.58265689905,101286.68183880713,112103.91972082443,92527.6826547764,113782.17722475073,94565.62034019979,113657.71957569258,91345.47957893644,94093.1536585
2022-03-23,103130.64794795032,97718.29022289906,98697.89417580713,109630.68296682443,93609.59817210215,115774.50491275074,94842.52680919979,114364.76738669256,92678.00158343643,92886.4936585
2022-03-24,104214.6797789503,98880.05022289905,99307.54744730712,110477.43820032442,94773.22466160213,115997.88363340849,95933.12828619976,115221.97738669257,93370.15870343643,94281.0036585
2022-03-25,105478.83494995031,100354.96022289903,99373.71910280712,110622.34484632443,95720.80646010213,118377.1666819085,96606.55314919977,117045.21738669257,94392.41740343644,94740.6836585
2022-03-28,105919.75495595032,100356.49144889905,100281.33910280713,111613.59484632444,96118.97538410214,115568.52660090847,96358.36685669978,115537.62266169259,92638.25740343644,95397.05365850001
2022-03-29,107856.45961320135,102010.32676939903,102144.12342280713,113557.75484632445,96350.78791357714,114590.6807964112,97286.28020769979,116894.89866169258,92695.41099045787,96583.8236585
2022-03-30,107464.91888720136,102149.97676939903,100881.69283880712,112412.02203032444,95920.99176557714,115026.25673191118,96925.2003916998,117268.90866169258,92370.26306295788,96011.4336585
2022-03-31,106386.73925120136,101876.78811339904,99145.65759132849,111029.18851877312,95723.77783057715,113841.3157849112,96308.72343173067,116254.92751869258,92651.41698695788,94521.89365849999
2022-04-01,107224.55595920136,103119.82290339904,98589.0169613285,110921.10500727312,96277.32800857714,115387.42844491117,96141.40249823067,117150.02847769257,93317.85829895426,94787.09365849999
2022-04-04,107347.44643120136,103123.93205967714,98999.8776263285,111199.42963227312,96247.60149257713,115149.86027691117,96871.49569823068,118090.04770469257,94830.51888545426,95598.1636585
2022-04-05,105096.33241270139,102156.09356067714,97063.2953008285,109940.66139327313,95127.37565525374,112979.81451382625,95081.68564323067,116880.39364569259,92819.65651995425,94393.7136585
2022-04-06,104209.85994320136,101157.92202701367,96145.34828056942,109809.37200827312,95463.77118775374,113187.13972682624,93606.18203848714,116564.68600492775,91789.84140767233,93452.2536585
2022-04-07,104468.01059967205,100924.31623776366,96032.95178147627,110713.60381827314,95252.83102775371,113981.83398682624,93947.73548098713,116431.62551292774,92104.98625567234,93922.9836585
2022-04-08,105020.97729017204,101184.51215584647,95378.56231826259,110745.04566027311,95792.85746912501,114326.90896132625,93921.77572048713,115513.89551292775,91808.28675190089,93671.0436585
2022-04-11,104196.8112137633,100101.79243884647,94524.14010774167,109645.99849669795,95352.69745624866,113271.10209042857,93191.85900298713,113536.04266570276,90823.88525544973,92075.4236585
2022-04-12,104549.3217932633,100151.60398084647,93835.13291974168,109576.32257669797,94676.14416324862,113118.88841442857,92580.19870098712,112890.19898370275,90447.40907494973,91737.2936585
2022-04-13,105431.91316326329,100592.35933834649,95031.91951974167,110993.30257669796,96677.49928824864,114168.63445192856,92732.35597418231,113202.5179369903,93123.73074294973,92782.6236585
2022-04-14,104492.93670726332,99483.90184024502,93280.7167845885,108981.79322669795,95328.52885324864,113565.32589992856,92241.33627198829,112893.9937849903,92519.07367762964,91631.2136585
2022-04-18,104495.15114176329,99610.52400824502,93216.68845050187,109618.6565961958,95057.54054407564,112832.46589992856,91677.26503198825,113051.39378499035,93864.92612033065,91668.7836585
2022-04-19,106791.8216867633,101278.342753245,95820.52513650188,112410.19334719582,95768.19313507565,113063.58463592855,93167.22503198824,113649.18278499032,94191.57936733063,93145.06365849999
2022-04-20,106659.47864676331,102117.82684956516,96037.22548511029,112378.80804819579,95514.04168007565,113058.02966192857,93689.35503198826,113865.83467799034,93661.26936733065,93076.55365850001
2022-04-21,104504.7255617633,101872.10311442654,93535.76835452317,109800.10410319579,95751.55060041053,110449.11524087642,92724.87742798826,110504.7010134382,93283.05158815563,91688.6736585
2022-04-22,102109.96167735787,99530.13180817559,92306.19622902319,108059.59289222807,94233.08471291051,108904.67814887644,91796.76336148827,108211.70561365137,91807.24083836866,89180.3236585
2022-04-25,101446.00683620448,98909.28535964688,93140.39477327319,107967.34250171833,94577.22677586123,109230.10029137642,92318.05242098827,108815.93035301582,91690.99091603456,89697.4636585
2022-04-26,99618.65177070447,97447.50062364688,90680.98142757552,106226.09582171834,93456.49060786123,106381.53645987643,91453.38830898827,105112.79889501585,89006.47097692158,87107.34365849999
2022-04-27,100139.56828866777,97883.48214764688,90918.3076855755,107034.03567371835,93408.44866136121,106237.84957778695,91809.23548748824,104973.59547242636,89356.3246239216,87352.6536585
2022-04-28,101902.59762366778,98511.66506626784,92358.08310720052,107592.28567371835,94407.45705736123,108881.33405078696,93228.81548748826,107660.63535244815,90626.78462392159,89551.6036585
2022-04-29,99403.88296766779,96241.73104276786,89849.48909520052,105308.08567371835,92614.84453436121,105193.00405078696,91156.7343974089,104184.79945444813,89018.37074592158,86252.0736585
2022-05-02,98595.26903323342,95159.05236764139,90443.10743820052,104411.80718305052,91256.06950636666,105441.46405078696,91429.2992174089,105085.55945444814,88853.25810192157,86769.2136585
2022-05-03,99760.74159923344,96099.1415361414,90603.28254620051,105488.11261955052,91597.93326036667,106418.74395278697,92203.7226324089,105789.26945444815,89699.21810192156,87167.0136585
2022-05-04,102420.88084700669,98007.5084261414,93259.2637370713,107754.52618155054,93160.41962036665,108597.55392442166,94015.4104066123,108372.45041942048,90974.35810192158,89812.3836585
2022-05-05,100734.42815350667,96732.00490414139,90106.02972418371,104463.88986341859,92637.91962036665,105749.28950042166,91391.29119361228,104195.22074793908,89136.44810192157,86629.9836585
2022-05-06,101626.26815350668,98354.9759256414,88717.22608168372,104039.18274096554,92642.151199703,104506.0526295354,91461.95119361229,104449.98861849614,88025.93291727008,86115.05365850001
2022-05-09,100470.34051800669,94881.50870365978,85362.56151768618,100344.24401401455,92512.52691086731,102813.77441761465,89738.40753476165,99584.6274759113,86670.0579210468,83368.02365850001
2022-05-10,99884.13947800668,94584.37145415977,83567.7341312549,99741.05540176295,92077.74485036731,102124.75363217306,88708.86356589301,98662.79133096967,85841.49651488879,83560.2936585
2022-05-11,99889.46974950668,94764.24028715976,81713.04218398935,97751.82871093688,91912.6185333673,99990.66691339693,87754.100028393,97065.05575909499,84970.35540207289,82238.7136585
2022-05-12,99967.28289600668,93781.71354715977,81517.49326979196,97412.00913275965,91945.54493436731,101025.91511559433,87912.46002839299,96478.56922949689,85420.87678257289,82152.52365850001
2022-05-13,103294.76660526692,97486.27863272495,84550.24761504197,100393.99656575966,93233.52985436731,103330.3365255277,90703.880028393,99279.09938941155,87122.4467825729,84108.3736585
2022-05-16,103034.01632215225,98528.29758872594,83008.40522354195,98842.41656575963,93510.64985436732,103230.26478852771,90549.58243213821,99072.63093329688,87935.9816315729,83768.0336585
2022-05-17,104193.62369365225,99780.60695972593,84765.08120804196,100830.96536225965,94171.6580898673,105005.08478852769,91760.51877813818,99617.43590079689,89301.41986457289,85485.2036585
2022-05-18,99409.99324913642,95702.01396245108,81615.35310804198,96857.39618434897,90107.48324051502,100689.89072419924,87065.83697559335,95642.9738706158,86279.76294210085,82053.0736585
2022-05-19,99451.80439040775,95083.35177826733,82188.17710804197,97766.79483284894,88760.68565662026,101039.27804383036,86091.65768959335,97845.5243471158,86145.79515848578,81551.4036585
2022-05-20,99080.84512290773,94121.4244901012,81820.20010804199,97501.39409284896,87997.31233639117,100411.04794783036,85432.25736926345,97362.88434711579,86042.60064348577,81586.7636585
2022-05-23,100084.90512290774,96108.9143261012,82131.73910804196,98363.60814284897,89115.00791239116,102554.48931586198,86611.89823026344,98538.81612711579,86768.42207848576,83107.2436585
2022-05-24,98546.04166050961,95170.1850728943,78995.90213338968,96313.11390132741,89421.19130539114,101605.20217061198,85885.45540613253,96595.93315694592,86995.44688098578,82475.1836585
2022-05-25,100578.84991975962,96397.7451553943,82023.25067738969,98015.7746893274,90014.38200139116,103360.44295061198,87703.78796163252,99102.51414244593,88071.78650520615,83202.27365850001
2022-05-26,102851.76584698442,97589.51166785839,84615.30315666867,100393.44042868007,90954.43973639116,105641.94295061196,89216.97011736706,100391.24281830755,89470.35128920616,84857.56365849999
2022-05-27,104864.63935432943,98625.89494472738,86658.35765667286,102409.03310852876,92516.88176039116,107197.61054331358,91235.4719926823,101540.92840623458,91743.41603283628,86932.7536585
2022-05-31,104548.64556532941,98465.22506922737,85958.50604307963,102199.99160129749,91761.34066892197,106913.99636756918,90170.81013018229,100862.61730323457,90874.1095407522,86446.55365850001
2022-06-01,103414.30934882941,97432.61376672736,85020.72387007962,100311.05825729747,91639.94180492198,107266.78900606919,89847.3051111823,100034.70911323457,90744.95691693394,85750.4036585
2022-06-02,103674.21934882943,97668.88376672736,86916.69124691658,102298.67090929749,91966.90180492197,107628.69564606919,91144.70170518229,101325.23911323457,90973.39659093393,87365.9136585
2022-06-03,102969.20349282943,97071.60632172736,86049.48181341658,100867.43695329747,91688.45284992197,108565.12720906918,91015.84841318229,100696.14061423455,91701.43111893394,85949.30365850001
2022-06-06,102784.46056882943,96925.27787072735,86006.07181341658,101239.37664179748,91455.38822992197,108391.37290906918,91449.7710071823,100547.53038823456,92051.1206189006,86210.08365849999
2022-06-07,103751.20202632943,97900.67226072737,86697.98181341657,101565.17526679748,92426.39115692196,110993.11063906916,92392.5945801823,101857.91038823455,93050.5944824006,87032.2036585
2022-06-08,102072.25202632941,96501.54160872738,85656.08181341657,100445.41563679746,91753.16706192197,110802.20999656917,91502.5069551823,100882.92382621739,92047.3944824006,86090.7436585
2022-06-09,99961.72202632943,94458.43160872736,83934.39933591659,98309.02709279748,89796.37191492195,108018.28119156917,89159.17523511116,98096.45053977697,89826.4144824006,84050.9136585
2022-06-10,99225.19675032943,94050.53895222736,83125.07827584451,97654.36912676148,88320.33964418636,106028.68119156918,87117.40191837557,96342.62335714721,87618.89775307589,81622.1236585
2022-06-13,96989.34780597268,90876.27096675853,81790.06950941717,95616.57904058989,85835.81222561517,101728.66917667448,83846.33069174568,92722.02363660227,84607.97235439686,78534.7536585
2022-06-14,96050.39734939554,89854.25469575853,81610.9248062423,95045.59781661753,84873.03031463546,101339.20623370551,83484.88342724569,91706.10010054702,83800.70178639685,78300.4936585
2022-06-15,94636.13451343866,91741.70445934229,83490.96036424232,96308.63212461752,85095.77076333307,102205.48364342767,82748.7785580063,91176.96252254702,84592.88233228802,79412.1236585
2022-06-16,91348.47823279974,87282.16794564875,80061.9003642423,93138.76704925667,82919.83464433308,98739.17806083598,80321.54963300945,87147.35862725509,80350.19853381123,76793.27365850001
2022-06-17,88486.71262355853,89176.17305064875,81392.9597002423,94474.56210525667,81923.49732949669,98307.91107768539,79995.29324065332,86355.85243051963,82366.16083681125,76959.02365850001
2022-06-21,90444.81543155851,89999.03710112403,82364.83942624231,95402.00205125668,83104.7700129967,100168.86445668538,82166.09602165333,88338.23386701963,84381.07083681124,78888.3536585
2022-06-22,87810.41882205852,90867.63770912404,83498.53596558615,96370.3657512567,83391.09622999669,100363.5944566854,82298.25602165333,88931.67386701962,84232.13083681125,78744.7036585
2022-06-23,85561.0469290716,92616.19127078197,84230.59218276227,96504.9027266559,84565.90127299669,100838.49937422443,83068.50957524026,90451.07386701963,85946.25855042871,79513.7836585
2022-06-24,85836.11238407159,95460.1800749597,86796.81351352425,99653.0580156559,86715.0512729967,103449.47341825812,84808.93944905876,92535.93882125319,87327.76384621323,82033.1836585
2022-06-27,88417.78238407159,96103.40653495971,87336.01533902425,99686.83262515592,86709.05127299669,103646.30959125812,85055.35534005876,92659.00391875318,87185.27121327304,81719.36365849999
2022-06-28,90490.35238407158,94837.58065445969,86325.54751002425,98975.4845841559,84959.05127299672,102576.27959125812,84205.82534005876,91636.12144025319,84402.46297898101,80057.4436585
2022-06-29,86930.9990310716,93903.75515495971,85020.325918816,98603.62614115591,85033.73043599671,102426.00140525812,84505.14567205876,93012.93463025319,84128.04743298102,79991.14365849999
2022-06-30,85519.42637705509,92789.60885803383,84163.09905331601,97778.32588215588,84305.59610049671,101631.66223025811,84937.37674105876,92922.33688271334,83709.37264498102,79345.8236585
2022-07-01,86202.70837095115,93590.2920074914,85463.200414816,98397.9593083103,85201.5261004967,103128.3004777581,85577.72674105875,94535.95671921334,84221.13216998102,80181.2036585
2022-07-05,83271.43117823069,93718.4387403744,85302.45159000333,97951.08343577357,84877.0161004967,102624.02017575811,84726.18283105876,94187.60855621334,84292.56957498103,80331.4836585
2022-07-06,82400.40536948162,93344.71551437437,84649.81236750331,97458.04671077357,85159.0554919967,102738.38760462531,85156.35099305875,93498.19644071333,84702.50119248102,80601.1036585
2022-07-07,83077.31467798162,96425.58830945655,87111.76236750331,100354.74025077358,85377.33164199672,102856.24592812531,85703.08224505873,94079.13247671332,86161.23131134365,81803.34365849999
2022-07-08,83135.92467798162,95806.42481212162,86870.27839550332,99674.32863077358,85535.14884599671,101965.3059281253,85784.35224505875,92846.87247671332,86228.39296734365,81737.0436585
2022-07-11,82751.96581498161,93831.03145262164,85900.22111050332,97614.66001377358,85640.81061099672,101983.94597512533,85397.07976505875,91881.71827401692,85796.09296734363,80806.6336585
2022-07-12,81765.53315048163,94242.63500612162,85784.07023650332,96696.01412227357,85334.7006109967,102452.17309612532,85004.98123255874,91533.67430742114,84723.41296734364,80095.0136585
2022-07-13,81973.55315048163,94246.12795362163,85333.69912935575,96114.21106882159,85430.70061099672,102537.21248344844,84523.60108855875,91696.55974242113,84463.35296734364,79675.11365849999
2022-07-14,80085.32578020202,92562.2565580997,84306.80345935575,94597.61249376398,84550.22061099671,101401.65332344845,83230.24396805876,89572.67922742113,83452.86803552973,79482.84365849999
2022-07-15,81170.90788720202,94842.28778309972,85593.29650335574,96522.67237876398,85221.12209899671,102085.9097690401,84836.30357105874,91155.86670596429,83929.19349102973,80994.4836585
2022-07-18,81950.51520920203,95682.5238880997,86052.31659985574,96977.17972076399,83753.1338394967,101071.6356320401,84331.62027705874,90955.39372147157,82795.65460402973,80329.27365850001
2022-07-19,83633.0829116118,98086.13825516828,88970.71429611742,99205.464707764,83837.92414033554,103621.62268354009,86254.25027705873,93546.50915347159,84320.96139152971,82490.6536585
2022-07-20,83553.6534096118,98518.51055216827,87903.33940995851,98631.042387764,83131.73556283554,104305.99278754008,85784.69812180474,93583.16375155852,84115.88650702972,83014.4236585
2022-07-21,82170.5599291118,98084.39055216828,87662.38428545851,98385.62291376399,82975.55524733552,105700.9241250401,85783.46544630472,95510.72494455849,85395.60686052972,83856.4336585
2022-07-22,81688.29726311179,97428.64045078872,87892.75437286805,98455.5870044044,82780.30577433552,104911.34207464085,84620.61294233578,93970.68517321299,84785.80686052972,83082.9336585
2022-07-25,83212.5572631118,98195.61051379058,88705.83832386804,98834.28074938722,83050.62572433554,105480.49442664086,84398.56779458284,93556.24359550157,84688.29686052972,83182.3836585
2022-07-26,83380.03877003162,97605.95643429057,88659.41392334284,98661.92909188723,82888.17833726898,103549.18581322176,82822.34631858284,94083.27623250155,83994.84686052971,82201.14365849999
2022-07-27,84253.22562703161,99370.18482929056,90254.82020659283,99710.02749988722,84313.99748976898,105467.12606722176,85242.05715858284,96630.60038567217,84645.35686052972,84327.1636585
2022-07-28,84471.64562703163,101188.68268229057,92124.2204780521,100330.38958688724,85124.92748976898,107120.00938672177,85973.07470858285,97874.19408167216,85557.59456804178,85374.7036585
2022-07-29,85406.07952703163,101730.72980721277,92717.74359921571,101385.06667534518,85369.207489769,106745.41157194405,86338.97906008284,98758.8208403689,85275.0139050418,86621.14365849999
2022-08-01,85012.77735203161,101730.16900921277,92468.1984952157,100582.21987334521,85370.46323276899,106459.46818544407,86976.67667158283,98952.77677636888,85411.6750780418,86366.9936585
2022-08-02,84668.33517703162,101576.48861371278,92926.76261251219,100490.77739134521,84920.10032326898,107140.65613261356,87354.78345658284,98847.4497238689,85851.31012154178,85799.02365850001
2022-08-03,83755.16754053163,101413.20215903752,94742.0774225122,99551.5282508452,84970.46938826898,107928.31862751179,88938.09678502244,97950.85229686889,87734.26508554179,87138.2836585
2022-08-04,82270.60889405655,99588.54024165275,94434.61705139876,98278.38446246044,84657.89653980175,107193.70447051179,88939.32917975592,97498.24780586892,88241.8980265418,87078.61365849999
2022-08-05,83770.33621941617,99854.45252965276,95055.88453891329,99869.31928696042,84858.07175553484,107670.94594294182,88740.05795725594,98334.31434614037,87493.8118344538,86932.7536585
2022-08-08,84436.72406691617,100507.02482665276,95791.44593741329,101039.44537946042,84823.82490003483,109675.68669651588,88779.67966035017,99699.45555764037,87792.80534652201,86831.09365849999
2022-08-09,87173.47916717424,101527.31273765277,95299.51593741329,99384.88074180637,82956.30996340427,107238.02357701588,88088.03635635016,97165.10823664037,85006.96482007238,86488.5436585
2022-08-10,87016.74411667425,102689.71014465277,97407.74593741329,101443.39115980636,84747.28211190428,111660.2202076707,89982.97635635016,100767.11060164035,87957.91163257236,88298.5336585
2022-08-11,87442.48055967425,104470.38438115276,98207.23315591329,102752.50473280635,84428.47852390428,112573.14844467069,89623.79635635015,101936.78267164037,87803.97163257237,88298.5336585
2022-08-12,88805.38731117424,105285.89388365277,99566.80579891328,103795.93593280636,85345.35651140427,113496.07480717069,90785.79635635014,103685.98463164034,90129.07163257236,89788.0736585
2022-08-15,89258.30731117424,104634.70734265276,99779.50789991328,103413.37532530635,86330.34520890428,113244.59405572509,91152.84771785015,103458.99374364034,90589.07716551336,90154.9336585
2022-08-16,89619.28618006314,105885.15645015278,101049.5570384133,105510.6009570503,86001.86064690427,113124.64043622508,91384.58995585016,103843.39950866034,90946.8557821377,90331.7336585
2022-08-17,89670.66684656315,104185.87388265276,99790.51656641328,103145.09586405031,84861.63427590427,110168.79913122507,90628.54711685017,102036.38051466036,90277.6396471377,89693.0436585
2022-08-18,89991.63086406313,105722.44012511712,99973.39250441328,103482.93645605029,85219.63427590426,111691.87883772509,91425.86018785016,102201.99618266037,90242.14829513768,89953.8236585
2022-08-19,91114.36375821597,104601.9430976171,98407.9475964133,101396.24300392381,83935.00427590427,109809.68146312652,89457.39284869803,100181.38492495916,88089.04464860758,88749.3736585
2022-08-22,90567.18525071596,103498.12539861712,96877.02335491328,100149.66959033432,81974.77634702252,106581.30387471261,87077.81732319802,98057.08251405915,86714.08966519582,86906.2336585
2022-08-23,90828.61548471596,104555.59833711713,97435.54177291328,101086.23377829876,81429.99037318313,108965.0816992126,87424.72833319803,99934.64035005917,87202.60290269583,86698.4936585
2022-08-24,91081.83425221598,105490.18192861714,98569.19725937558,102597.35171009999,82466.40673418313,110871.14169921262,89718.3707410088,102614.43577704104,88158.35130819582,86974.7436585
2022-08-25,91848.54708721596,107895.38531211713,100101.80973937557,103676.52660045643,83802.7850260247,112781.90030152192,91539.20703366344,105011.10927280414,89920.93130819581,88196.8736585
2022-08-26,90107.37507071596,104491.29843911712,97207.59681937558,101996.72667545643,81658.4527105247,110423.51343229704,88113.64752166341,101814.4037966823,87451.09130819581,85222.2136585
2022-08-29,90425.06494771596,103912.4378641171,97056.70284887558,103463.95607545643,81219.5727105247,111956.51336246445,87614.29517288384,101853.09484795264,87191.84130819581,84660.8736585
2022-08-30,89314.46494771598,102063.61653715986,95757.10974141414,100600.77303295645,80380.3527105247,108821.82599046444,86293.87194088384,99485.10950795264,86415.00792069582,83734.8836585
2022-08-31,88707.70494771597,100560.00762115986,95456.51034241414,99880.09303295643,80063.9021010247,107556.29099046445,85565.82779088382,98001.21356045263,86315.9886246958,83100.61365849999
2022-09-01,88592.04284266963,99288.02894296352,94165.90042381242,97434.02243795714,80630.21123259107,104276.25915255095,84777.32563034947,95931.28586753692,85992.86229973381,83361.39365849999
2022-09-02,88426.91000216965,98899.10431346351,93978.75198581243,98325.93318195715,80098.11246459106,104830.61171905094,84579.50640384946,96106.84735563693,86060.39095473381,82484.02365850001
2022-09-06,88424.91716066963,98285.25171896353,93773.25198581241,96997.85500195716,79291.15192558948,103518.56171905095,83947.55935984946,95345.50350963694,86112.29043742036,82174.6236585
2022-09-07,89208.32723460268,100441.4368229635,94408.85421236616,95414.683441957,80226.9618585895,102415.73549994561,84886.70373239582,96129.21426208707,86715.2752908562,83644.27365850001
2022-09-08,89336.99838760267,102298.9544889635,94731.60954941691,95561.07917595701,79928.70239858949,103380.34645844562,84966.41099906755,98252.91046258705,88639.10900235618,84190.14365849999
2022-09-09,91307.16114560267,104814.91417175495,95206.21274941693,96996.519952957,80741.5178690895,106373.26645844559,86058.76071195741,100866.15746258706,90203.40900235619,85494.0436585
2022-09-12,93091.63630560269,105792.45456775495,96410.62274941691,98728.129952957,80497.7431930895,108662.08770594561,87496.39014395741,103181.5310976556,91210.78868585618,86408.9836585
2022-09-13,90714.21421455269,101146.54498175495,94242.25274941692,95628.429952957,78777.86319308949,106106.03215294561,84556.4101439574,101047.99396965558,89506.9765138562,82665.2436585
2022-09-14,92979.1475645504,100773.87461125496,96163.46358241692,97507.68751215587,79220.54913104269,108752.63751954441,85342.3101439574,102549.56993115443,92014.31898726859,82979.06365849999
2022-09-15,90659.45655855192,99792.10859525495,94579.24863941692,95933.0174640245,78316.33475254267,106657.0599195444,84532.1049339574,101707.28769865443,90969.21148480865,82039.81365849999
2022-09-16,88608.41746748982,99620.75285797953,93528.45527691692,94304.9007190245,77911.51670804268,104465.16991954441,82887.7773119574,99838.37447065442,90059.54428080865,81416.59365849999
2022-09-19,88795.03166198982,99721.3373105308,93758.03755191692,94170.4880921562,78245.90413554267,104162.5697047172,84042.47943145741,100891.59545465442,90621.55012880867,82046.4436585
2022-09-20,87929.30697298981,98477.0185125308,92777.50576391692,93311.97594215622,77445.19261904267,103049.6590267172,83099.91526295741,99211.21417265445,89401.61616230865,81107.1936585
2022-09-21,87297.19103198983,96826.55023482692,91730.79576391692,92663.1681021562,77116.68580901437,101297.90189487675,81323.1551057442,96998.69086530512,87312.01400580865,79699.4236585
2022-09-22,86272.15282150352,95803.20997682693,90917.69539520732,93028.7980650664,76696.52253801437,100616.33161087675,80389.16422660774,95586.17669960481,86351.55137619369,79032.0036585
2022-09-23,83541.73143831396,94371.70559405044,89379.72278327323,91813.05732485534,75266.78892195204,98778.18995732549,79106.76047906453,93146.36972164776,84101.5932385815,77712.6336585
2022-09-26,82191.58703016848,93554.46900652634,87835.62243440766,90922.18459085535,74851.97916545204,97369.7893198255,78371.87456056452,92545.378741753,83376.6212795815,76947.9736585
2022-09-27,82601.82952816845,92592.80566810878,87494.75879250726,90628.34459085535,75309.87142795204,97067.38931982551,78000.37807526997,91823.881317753,83810.31210858151,76751.2836585
2022-09-28,85531.66385566846,95670.58006560877,89436.53779250725,92431.83459085535,80398.60516795205,98566.9552468255,79555.58037676995,93760.61131775298,85811.10210858149,78256.2936585
2022-09-29,84159.45729216846,92889.33165110879,87383.65796850726,91290.34459085533,78783.74895895204,97270.89614582552,77718.35348878412,92007.00131775299,83938.9121085815,76627.52365850001
2022-09-30,83859.51729216846,92921.53034110875,86913.62227966862,90385.93459085535,77634.34938649238,95988.58614582551,77042.62728128412,90835.44131775296,82693.32161305376,75447.3836585
2022-10-03,87035.36729216848,95768.28651260877,89089.24861916862,92723.55459085535,78396.57316399239,98831.5361458255,78770.83133128413,93464.441317753,83780.9272029407,77431.9636585
2022-10-04,89738.67354624797,98502.84373560878,91090.31861916863,94896.62337085535,80009.81099049238,101487.7061458255,81120.41132928414,96297.90131775299,86245.94976542491,79820.9736585
2022-10-05,88751.59112435674,97015.48845560878,89781.59766572661,94969.80445085533,79652.78099049238,100917.7161458255,81396.3946932508,95574.161317753,86392.04002342492,79635.33365849999
2022-10-06,88234.33991385673,94573.47142360877,89114.07216372661,93906.98571044515,78520.41279549239,99592.3883478255,81168.5905307508,94064.05722725298,85540.00051105121,78817.6336585
2022-10-07,87090.56221145674,92132.56574868181,87902.84681872663,92488.50426265292,76946.89119159969,98095.07489432552,78749.4384057508,92092.72147394504,84932.63491505123,76627.52365850001
2022-10-10,87655.58111945674,91969.18887528605,87529.63226427499,91942.85177515291,76656.73394359968,97543.8382388255,78181.8168162508,90988.00900144505,83585.47042102437,76046.2936585
2022-10-11,87385.97780745674,90935.01530314203,87393.82577677499,91447.28879715288,76776.73491259968,97033.41805253495,76578.87585843338,90133.66230810853,83019.07231156291,75566.7236585
2022-10-12,85676.31320388851,90086.00387464202,86085.43577677499,91201.85739048138,76106.49267059968,96939.56214003499,78028.28412043337,90790.43155125542,82733.50629556291,75316.9936585
2022-10-13,86867.38920751057,90523.12878064872,87045.56051427498,92070.54402496332,77427.48312659966,99187.82069526314,80066.51746980185,91242.10182477266,84727.27461134577,77297.1536585
2022-10-14,83593.13909251055,87869.86737964874,85369.66573427498,89910.16990996333,76303.77659909967,94815.22409076313,75851.11290712147,87048.26482253315,81817.94338934576,75542.4136585
2022-10-17,85271.27909251055,90837.36724164872,86867.00108227499,91703.25990996332,77310.92731709967,96889.60409076314,77066.18889662146,89369.98486703314,82699.49298184577,77476.1636585
2022-10-18,87286.34877136842,91649.37138064872,88181.12803227498,92400.48990996333,78079.94746509967,98560.91409076315,78017.00400162146,91121.55486703313,83106.09400584575,78382.2636585
2022-10-19,86904.3251153684,89932.12138064872,87360.018032275,90638.66974804178,76932.79320709966,99201.62409076316,79032.54576562146,90409.69486703313,83814.60001684574,77829.7636585
2022-10-20,86597.67094886841,89532.57707660702,87190.97803227499,89364.08707604177,76242.46320709966,98886.41409076314,78340.14576562146,90878.63486703314,83627.26844434575,77180.02365850001
2022-10-21,87369.0193668684,90231.06955060702,88992.58803227497,90388.5487583859,77559.56060709967,101515.27274826315,80591.5975713756,93590.14361273876,85689.69350032999,79047.4736585
2022-10-24,88580.6399363684,90674.97955060704,89498.37518127498,90919.40340738592,79057.17751609968,101851.19341199157,81028.2263163756,94638.46044831336,86160.52015132998,80011.0336585
2022-10-25,89952.0646810222,93473.17549151368,90922.52749127499,93132.3738858859,79861.46336309967,103929.63949699159,82631.95109907756,97920.90793580342,86729.80334083,81281.7836585
2022-10-26,90446.50650952221,93725.14792101366,91347.99626567434,94175.32572588591,80066.35194409968,104769.39422749155,82512.21713357756,98747.40222521577,88112.84320395357,80671.8236585
2022-10-27,90306.94437702218,93528.81863901368,90335.17255167435,92447.69473547791,79253.58764809968,104306.38037399156,82536.11387657757,97958.26005471576,87721.82768995357,80243.08365849999
2022-10-28,91838.03935202221,96075.67654101367,92627.92255167433,94359.88611947792,81399.28368383054,104967.38293799157,83107.22342082756,97940.43018121575,87406.79042395356,82145.89365849999
2022-10-31,92755.41258213563,95341.84972664001,91916.41977767435,93318.24611947793,81651.06512038053,104721.07337399156,83039.50711782757,97517.90151771577,88297.25242395356,81553.61365849999
2022-11-01,92797.98613063563,95634.32839214,92644.88061267434,94313.79484597791,81951.20949638054,105130.04816528666,82785.89291382757,98377.44899271577,88568.01550795356,81197.80365850001
2022-11-02,91988.0990032701,93677.48971214,91776.8695391292,93370.07881147791,81382.54105238053,101974.26280378667,80040.84325623943,95848.8595003472,86439.41893167807,79169.02365850001
2022-11-03,91165.5340482701,93384.39971214,92097.5901166292,92388.3981315216,81282.38643099912,102948.29091355392,80729.67933473943,96749.54571818365,88846.93246217807,78357.9536585
2022-11-04,91926.88992477008,95356.16595053095,93917.61011662922,95249.65406452159,81544.48123019912,104923.54537155392,81637.96509470991,98214.61676718367,91165.53859222875,79480.6336585
2022-11-07,92502.0299062701,96230.99457403093,94973.91011662921,96485.61382602158,81742.47555519913,104919.7014965539,81713.98111720991,98256.21269818368,91855.59361356223,80236.4536585
2022-11-08,92594.3875857701,98410.99411813724,95351.02736712921,97524.08587052158,82210.35318419912,105712.64275855393,81686.70907220991,99848.13997568365,92383.03176456224,80669.61365849999
2022-11-09,91465.1716902701,96873.61584313723,94482.75935169045,95447.46486752157,80030.79399519911,101315.3365902259,80065.8325027099,97068.42050468366,89475.79424156224,79012.11365849999
2022-11-10,95261.02926706753,102992.78972141231,101302.08555713005,102975.46260577653,83154.79088769913,107679.47928782587,83809.81964270992,103761.2012864141,93919.24898556223,83337.08365849999
2022-11-11,94859.46991590218,103099.19581924501,104953.75637162729,103927.57918313125,83602.39763677103,111460.2745998893,85467.4753112099,106398.29971289946,95360.58464181123,84141.52365850001
2022-11-14,94545.77364340221,101367.286695745,104057.50166212728,102809.69236013126,83030.37773177103,109914.55389988929,85018.24824074807,105325.20432989947,94921.18101807208,83427.6936585
2022-11-15,94283.9756753672,102675.412805745,104871.95586238589,103840.22236013123,83240.88376944672,111206.3420998893,87030.80995236564,107872.28819373653,96397.31103707208,84137.1036585
2022-11-16,94140.75890386719,101775.34033824499,103619.4473463859,103740.37236013124,82187.45101644672,111193.4558248893,85113.66738788875,106210.15559623654,92432.77345080674,83498.4136585
2022-11-17,94069.52890386719,101507.14811224499,102332.05625381574,103120.87236013122,82749.36685094674,111481.68488068928,84046.4713567656,105164.95845535192,92503.51546080675,83242.05365850001
2022-11-18,94724.58890386719,102200.918112245,102966.15593781574,103975.14236013123,82641.83685094674,112472.4548806893,83626.0684137656,105204.5606157519,92257.56546080674,83619.9636585
2022-11-21,94120.44713386595,103070.616432245,102730.50593781575,105139.60236013122,82016.3163688303,112198.8344389185,82457.37225617905,104442.6738188169,90995.14047453525,83317.1936585
2022-11-22,95259.26238936593,104735.98554874498,104364.80593781576,105440.59236013125,83577.32473683031,113280.36394191849,83636.79999917904,106407.18800031689,92316.05995653525,84433.2436585
2022-11-23,94759.28096136593,104504.780913245,104839.30788581574,105678.70351513124,83519.82777683031,113700.91994191852,84434.28153967902,106787.1260003169,92443.95449203525,84963.64365849999
2022-11-25,94994.99143886592,104960.423746745,105364.72916581576,106181.49214513124,83519.8381918303,114127.3699419185,84332.83467917905,107065.2760003169,92258.26590203526,84943.7536585
2022-11-28,93266.23673436593,103622.164445245,103163.90108944374,104507.53073263125,81767.6069278303,112077.85194191849,82346.20280867904,104518.720354172,91279.51541453523,83593.4436585
2022-11-29,93872.18833986593,103449.97950374501,102856.18842544373,104360.55919563124,81955.19141183031,112230.70281741851,83667.48580867903,106653.66967517199,91477.07515253524,83452.0036585
2022-11-30,95066.34864236593,106751.67791724499,105791.44973144375,107773.86723263124,83155.46774083031,115540.2817309185,86379.44280867903,109390.40972667199,93613.33282253523,86070.8536585
2022-12-01,95086.88872686592,106063.58430925242,106264.21973144372,107924.31723263123,83272.85103483031,116362.4509669185,86676.31770897904,110083.00420217199,94024.18690061773,86006.7636585
2022-12-02,95698.89360686592,106062.07833125241,106482.30973144372,108028.69723263125,83521.66229683031,115550.24403331851,87200.98828397905,110008.78045517197,94568.24530411772,85907.31365849999
2022-12-05,94188.49360686593,103553.39680437863,105036.59695844374,106203.92723263123,82435.99860483033,113063.41201471933,84853.40414665588,106538.82208962845,94135.14992261773,84369.1536585
2022-12-06,93076.60059398596,101519.76351368122,104035.16897194376,104719.08723263125,81156.75860483032,111456.70380021934,82884.71847215587,104469.05641451303,91742.85992261773,83155.86365849999
2022-12-07,93145.26579385989,101885.22905018124,104361.48897194375,104517.97723263124,81280.5350308303,110799.36521095427,82807.61654815589,104180.55710201304,91630.31857011771,83016.6336585
2022-12-08,92641.1692088599,103275.3293221812,105448.27897194374,105937.49723263126,81431.09235183032,111597.29774395426,83600.73543465589,104678.21287911518,92360.17392461772,83664.1636585
2022-12-09,91395.66739685988,102546.57217618122,104377.45105194373,105288.17412713125,80813.58465976123,110371.7712962455,83417.06797065589,104206.14358711518,91139.29834211772,83040.9436585
2022-12-12,92685.98464685987,104052.36568618123,105456.85359944373,107044.09250213126,81346.09507426122,112472.7036957455,84251.37555065588,106097.25358711516,91840.49277142636,84234.34365849999
2022-12-13,92746.09245585988,104791.23373918123,106713.75295994374,108263.55590613125,82006.13139426123,113986.3013037455,85235.52297565588,108978.74419161517,92515.60755792637,84868.61365849999
2022-12-14,93370.35723835988,103998.28486268123,106888.30103694375,107364.36519613126,82096.79166676122,113739.10581574551,84822.66297565587,107717.42241861517,92314.16494092636,84329.3736585
2022-12-15,93056.01969785987,103247.34757418123,104657.16938494374,107105.92370863125,80644.31996226122,111703.9406399455,82105.12297565588,106465.22466057114,90434.37400294715,82274.0736585
2022-12-16,91897.99962793438,101080.82025657034,103617.90304603247,106176.79370863124,80751.99275776121,111234.46063994551,81503.67204489718,106065.02657657115,90005.91443009693,81306.09365849999
2022-12-19,90928.55715243438,100069.46692298414,103352.66942653249,105016.75537370393,80249.27524726122,109924.62668494553,80798.34994006803,105339.80458002501,88899.85718509695,80618.7836585
2022-12-20,91118.73715243436,100219.45589048415,103631.00456903248,104878.58492038655,80433.51464926121,110505.3341169455,80508.1100071927,105555.993039525,88784.11041353371,80729.2836585
2022-12-21,92474.99314843438,101966.37589048414,105481.37712903247,106706.18162288654,81321.17464926121,111984.04411694552,81544.4747411927,107397.60213552501,90239.79321853373,81931.52365850001
2022-12-22,91215.13842543439,101411.76033548413,103932.49712903246,104705.21162288653,80328.73068976123,110745.8765594455,80956.5330471927,105882.493295025,89358.2938685337,80766.8536585
2022-12-23,91623.07050493438,102309.91746248414,104308.22712903247,105574.26162288654,80404.46226426122,111328.48779394549,81438.26834169269,107150.893303025,89244.64985203369,81230.9536585
2022-12-27,90221.40103166246,102835.90904098414,104332.47425827681,105201.65700254474,80301.65472932866,111355.60608694551,81121.0411986927,106632.510025525,88799.24000909692,80910.5036585
2022-12-28,89287.8783922278,101392.05966891901,103186.98147827681,104169.72820604472,79502.05454982867,109607.00257326709,80086.7211986927,106046.27249245839,87927.07209059692,79909.3736585
2022-12-29,90234.49702568697,104559.26500491903,104114.4686882768,105692.9335728617,80425.19936282866,111683.0249917671,81707.4611986927,108425.8702550258,89035.34348859689,81341.4536585
2022-12-30,90215.16366518696,104032.764489919,104348.91773377679,105592.51336836172,80207.37787632865,111084.59717126709,81215.5211986927,107990.5520970258,88296.0734885969,81129.2936585
2023-01-03,90187.22647318695,102982.56306841904,103168.48004027677,103521.18636386172,80571.25957782865,110384.91242426708,82254.54119869269,108518.7410250258,89060.59205092219,80788.9536585
2023-01-04,90977.06095568696,105379.82650978473,104564.31853206924,104596.4963638617,81298.07759182865,111571.02242426708,83797.29688592127,109753.3027274318,90616.38661192221,81409.9636585
2023-01-05,90711.93256768696,103596.50477278476,104732.67172755025,102133.79279573023,81426.72051432866,109581.81052626709,83027.54724342126,109255.6268629318,90179.4894859222,80483.9736585
2023-01-06,93082.66138413116,105134.39019278473,107521.66561505024,104483.54558423022,83133.20051432865,111886.08267826706,84219.64565897736,112260.7469749318,91985.36157592217,82322.6936585
2023-01-09,92548.98488913117,104986.31019278473,107232.10561505024,105278.67747086813,81885.63051432866,113370.95267826707,83379.46530647736,112090.567575581,91437.39157592217,82276.2836585
2023-01-10,93033.90770631841,105168.22019278475,108116.89811173553,105969.47452186815,82425.85364432866,113793.87233226708,83810.16515397736,112882.697615581,91952.34993292217,82850.8836585
2023-01-11,93017.93296481842,106292.96019278473,107939.64673073553,106803.14198255743,82385.14841182866,114302.52518226707,84624.19922397737,113851.57245558099,91417.99125342218,83894.0036585
2023-01-12,92438.07812531843,106034.17486478474,107993.52949473554,107933.94951455743,82267.05650332865,115234.1240253495,85013.51880097736,114352.25415408099,91861.44296142217,84198.9836585
2023-01-13,92563.05713781841,105674.14142828475,107690.60804079162,107996.49657455742,82643.27556482865,115178.8305828495,84763.24880097737,114527.374154081,92367.59962142218,84523.8536585
2023-01-17,92383.0624328184,105697.45859378474,106482.1032527916,108193.57156605742,82552.74508282865,115344.9198357931,84430.42880097736,113851.53885658098,92021.38368142217,84369.1536585
2023-01-18,91175.02433831841,104345.49714258753,105277.93206379161,107369.94797748831,81273.90966882865,113270.19201779309,83044.74880097737,111597.44058408098,90566.9209245765,83043.1536585
2023-01-19,90557.08745431843,103598.82436758751,104986.56272379162,107387.31462398832,80733.87008657146,113903.19830729309,82817.91880097738,111389.02054358099,89446.73732055159,82439.8236585
2023-01-20,90656.61614915643,103809.4840720875,104762.8161647916,107247.9646239883,82258.71255757146,114301.59830729308,83132.03498997736,112313.51665308097,91106.80096055158,83971.3536585
2023-01-23,90565.94752865644,103831.34535258752,104918.05714979161,107431.5141909883,84723.44145722112,114528.60830729306,84142.31092872737,114687.95310508097,92333.97454655159,84974.6936585
2023-01-24,91034.22086680538,104513.16336950567,104709.01333279655,107631.71744556059,84046.38208622113,113358.67107633298,85137.50099706196,113784.67236608098,91713.8089585516,84884.08365849999
2023-01-25,91824.4233538054,105061.74025700566,105581.73515879654,108183.94179156057,83613.11208622111,113513.78226433297,86254.81488006198,113974.75181608099,92830.28579360012,84915.02365850001
2023-01-26,92204.72857480537,104535.98025700565,106749.35515879656,109057.68499156057,83751.42717622113,114650.38558433298,86579.32704506197,114414.18439108097,93770.67367860011,85845.4336585
2023-01-27,91651.05737980537,103567.32195800565,106013.31515879655,108458.19499156058,84794.91647623986,115904.05773933296,86843.14270406196,115931.56219808098,94677.41661360011,86042.1236585
2023-01-30,91709.02729480539,104121.01343200564,105051.59600379653,107817.06572156056,83214.58269323985,115485.53817233298,84908.70643806196,113513.14138208097,92367.75912960009,84965.8536585
2023-01-31,92472.93173180541,105155.52192200566,105949.38755329655,108724.14985656056,85911.91526420851,117727.81640933295,86434.37643806197,115761.96138208096,93031.4338316001,86210.08365849999
2023-02-01,92381.78547080538,105006.45100450565,105465.16825929654,107979.39684006058,88977.29927811396,119631.6714042437,88150.44332785328,118264.78144022789,96193.1132441887,87122.81365849999
2023-02-02,90946.70783830539,103214.41828250566,103272.12978240201,105291.68272424245,91622.75643685614,121677.58151947436,89581.57657452722,122801.86985615944,98894.54108761242,88386.9336585
2023-02-03,90584.78151830539,102850.64502250565,103196.597434402,105322.41602024244,91556.93522684272,119607.82608872437,89648.38391513463,122235.27503302976,96920.30054961241,87449.89365849999
2023-02-06,90659.48759830538,103470.21684650565,102534.104041902,106010.51602024243,90521.37025559272,118161.18166822437,88536.37982845698,121002.9429130297,97299.44437801241,86917.2836585
2023-02-07,90788.16269330538,103400.30350750565,103435.63040040199,105977.95461624244,91685.1102555927,118575.52452972437,89392.75373045699,122230.97291302973,99681.90334918509,88051.0136585
2023-02-08,90583.65392280539,103780.22366150563,102644.69578290201,105936.90190374246,90525.1277069382,117010.00783964661,87556.07334295698,120753.23291302974,98559.35978868509,87091.8736585
2023-02-09,90303.4219033054,103182.96339900566,101804.298710402,105518.93426424246,89501.9196789382,116095.38811064661,86319.25865695698,118927.37920981989,98557.09157909044,86338.2636585
2023-02-10,90654.69013730538,104662.48339900566,102121.47871040198,105600.64426424247,89298.59500693821,116904.4313626466,84926.18135855257,119488.62230481992,96360.15355419797,86539.3736585
2023-02-13,91537.2942183054,105057.36288850564,103573.77871040201,106640.91426424244,90402.2548374382,117646.5457146466,86469.56122130255,120873.3613928199,97690.64178769798,87551.55365850001
2023-02-14,90933.20560691413,104112.89142950566,103629.748710402,106392.49426424246,90637.54483743822,117809.93571464662,86905.61122130256,121798.16479281991,100079.83198769797,87511.77365850001
2023-02-15,91287.4947319141,103836.60421300566,103447.16871040201,106549.07426424244,91376.0048374382,118481.22720098536,87291.03122130255,122953.28321831272,100299.74684769794,87794.6536585
2023-02-16,91248.7495479141,103318.57299300566,103202.61439140202,106376.98694174246,91724.5157289382,117927.44392148536,86030.60901130254,120569.34957881272,97665.38684769796,86590.2036585
2023-02-17,90231.07716991409,104641.27428250565,102614.99819390202,106502.57964548403,91751.92675968821,116591.14589148536,85071.56713064965,118479.26488988346,96404.92966761545,86375.83365849999
2023-02-21,88963.91227683259,104059.84086050566,100838.96641840202,105460.544896484,89199.22944214025,113761.66097105856,82768.26564099781,116262.65304638348,93423.70189411547,84649.8236585
2023-02-22,87923.49124958337,104227.57728700564,100929.32225490203,105645.56489648401,90015.54646064025,114855.46595808581,82786.53599144999,116389.70955038346,93123.64882342037,84532.6936585
2023-02-23,87778.04634858336,103781.03877850564,102260.8811157056,105746.56195948402,89968.88646064025,115201.88047058582,83601.79729882382,118702.62602123458,94791.11723754766,84981.3236585
2023-02-24,87003.58634858337,102234.1284167021,101721.52391020562,105080.76826398404,89161.54877264026,113519.1204705858,82463.26391632382,117217.58797772805,94118.23698004766,84075.2236585
2023-02-27,87131.98836658336,101350.40640102715,102841.0332432056,105009.23413748402,89435.59887296967,114546.02047058579,82431.13302948751,117595.82888818232,94788.44996454766,84362.52365850001
2023-02-28,86382.9516120551,100835.43416702717,103164.5632432056,103662.32513248402,89751.65894850508,114502.4687719607,82350.79606548752,117862.54936818231,95098.06561454767,84050.9136585
2023-03-01,86765.11654155508,101260.27020502713,103092.1632432056,103254.95369698401,89689.13615650506,113624.6673279607,82430.05543648753,117477.70936818232,94685.91510354765,83730.4636585
2023-03-02,86959.3295850551,102147.01294302713,104220.57324320561,104744.94369698402,89453.71615650509,114892.88732796072,82870.42232848753,117403.74642018232,95314.45002554766,84377.9936585
2023-03-03,88217.36468755509,102787.39712402715,105775.60031808412,105701.81369698401,91413.66980491139,117832.08732796072,84514.29594348752,119868.85970218232,97982.99048554765,85726.09365849999
2023-03-06,88060.90266255509,102664.07734952716,105368.70603408411,105578.48697198402,90965.79205991139,116364.51732796071,83934.89594348751,118301.65244418231,97207.86327778293,85785.7636585
2023-03-07,86979.88199855511,101018.10661402714,104963.68148058411,104808.40166848402,90884.37672091139,113183.81087546074,83245.14579348752,117604.31016968234,96226.80523228293,84475.2336585
2023-03-08,86669.38181255509,100732.21000802715,104972.26918258413,104673.43961198401,90682.74154541138,113546.42657639831,83232.16997948752,116990.84770649741,97042.89246428292,84612.2536585
2023-03-09,85690.1655860551,99702.14538852713,103266.93531119266,103071.059611984,89660.02516093689,111087.14652884097,81734.30858548752,114720.60097437062,95591.78704893104,83058.6236585
2023-03-10,83843.1052670551,99432.35896932169,102281.44789638306,102964.66033898402,87500.738050524,107268.2844507031,80338.50156727893,112300.27207458799,94653.36821893105,81863.0136585
2023-03-13,82858.46671201458,99383.08649432169,101328.57912104885,102167.41520566386,87783.08301778384,108268.94837341821,77905.08892274581,111866.66156476049,94573.73327743108,81748.09365849999
2023-03-14,82802.42952601457,99783.63101882167,102246.67689604883,102580.65461116385,87903.62256528385,105980.44302907723,75383.60165565534,111980.62742879381,96333.79901343105,83093.9836585
2023-03-15,81177.39616045082,97161.79720186765,100610.53952404484,101536.11843316387,86926.304985809,105647.43048522648,75824.2125777149,112620.56601379381,95387.22595994448,82576.84365849999
2023-03-16,82678.87382645083,99343.10479436767,101598.42469604487,102798.92173466385,87226.762217809,106462.26348513899,75909.48287386532,113577.46256675915,96636.23670844447,84019.9736585
2023-03-17,81625.54810245082,97575.01561436766,100205.41469604487,101418.09173466387,85883.73702580901,102916.97485713896,73811.34146536533,110898.01123625913,94932.75570259697,83040.9436585
2023-03-20,83158.44810245083,98857.01561436764,101154.68469604487,102957.45173466385,86214.40711880902,103658.98485713899,74863.71046536531,112236.29123625915,95206.67113759698,83836.5436585
2023-03-21,84358.87810245084,100006.21561436765,101166.03973304486,103103.00173466383,87936.801829309,108295.26485713899,78154.59046536533,114297.75123625914,96275.49113759697,84932.7036585
2023-03-22,82650.14810245082,98280.35802236765,99708.18514704485,102103.01417166385,86189.18444130899,103922.57211035785,75177.00482836532,111922.10516175914,95361.50029876054,83489.5736585
2023-03-23,82156.74069395084,98291.03985636766,99226.47335904486,101741.20893116384,85367.13669469037,100107.55888012623,74025.03505217114,109555.73385538242,96556.36910076055,83714.9936585
2023-03-24,82486.02973045083,97927.34457836763,100758.46005954486,103558.56893116384,86140.50223280505,101331.35096710801,74960.77292967115,111200.9360703824,96670.76590476054,84263.0736585
2023-03-27,82702.05063045082,98617.96790711765,101249.65916054486,103868.52481216383,86474.61313280505,103473.78955074007,76506.24862082803,113662.95361584894,96072.13859326055,84419.9836585
2023-03-28,83671.11792704658,99281.58090011765,101698.66550504486,104141.11389766385,86588.76345330506,103394.94828924004,76767.92074782804,114090.08254234894,95630.92291426056,84229.9236585
2023-03-29,84301.12278454658,99770.14477611765,102752.69776204485,105011.10529216385,87018.07794930504,106372.48828924005,78567.11559632805,117084.50054234895,97421.18322376053,85449.84365849999
2023-03-30,84526.17675404658,100469.14386861766,103025.23634954487,105402.73597716386,87129.38901130506,105038.48968924004,78276.01418272805,116729.15854234893,98033.50258065877,85949.30365850001
2023-03-31,85649.06286704657,101482.50775561765,104406.55614454487,106221.18452416387,87726.68694780505,105288.25901674005,79113.26527522804,117449.03454234895,99540.12158915876,87155.9636585
2023-04-03,86371.28261454657,102017.09283561763,105275.29614454486,106766.26452416385,88011.38694780503,104446.39901674003,78652.41457922803,116349.93654234894,98888.04916690876,87487.4636585
2023-04-04,86191.70261454656,101890.16283561767,104534.82614454487,106473.00860352465,86494.20316925093,101569.00049559052,76326.52336163123,113993.25490799063,98853.26069010877,87003.4736585
2023-04-05,85062.39213479686,101362.32180773729,105234.62804754486,106823.01861552465,85950.26244375094,100912.33257759051,75150.17106013124,113940.34199749061,97261.65069010876,86775.84365849999
2023-04-06,84856.01358129685,101446.48343773729,105444.19354354487,106880.28587502465,86037.94826860096,101115.02697159053,75341.36188613124,114638.33796489061,97429.48219110878,87113.9736585
2023-04-10,85385.44358129684,101710.17512373731,105902.28352954483,106861.30193152463,86910.46331710095,101690.00545659053,76391.90905363123,114903.61874639061,97723.99963360876,87202.3736585
2023-04-11,85222.00140279686,102058.8753647373,106600.65330454486,107344.22193152462,87389.92606360094,102843.23589659052,76968.64806063124,115770.60564139063,96738.59325660879,87224.4736585
2023-04-12,84644.32798279687,101394.6921837373,106285.65780560787,106486.98515252465,86016.03542660095,102387.52287109052,77062.91206063124,115877.57547589063,96473.14832010877,86870.8736585
2023-04-13,85091.32984029685,102421.4780447373,106740.95263860788,106955.77400352464,86643.43834660095,102964.16667409052,77363.25708663123,116328.36621439063,97455.40033960875,88020.0736585
2023-04-14,85084.63664979686,102186.65910023729,107038.76259260788,106668.56868502463,85843.92956060094,102321.15667409051,77265.79766763124,115974.98621439064,97031.25732560876,87805.7036585
2023-04-17,85463.96505229684,102061.3414907373,107565.26044260786,105984.27604202465,86480.23835110095,102655.24502259052,77265.50382963124,116581.44621439061,96047.07095423523,88119.52365850001
2023-04-18,85994.88947379684,102269.57258423729,108305.19331060786,106140.03175202465,86324.40822810096,101795.31137659053,77356.68693113123,116311.42621439062,96168.28366173523,88176.9836585
2023-04-19,85570.49868379685,102272.01386273731,108475.90331060787,105708.14175202465,86311.58822810095,102082.23137659051,77177.44867413123,115508.47621439064,95806.87366173523,88163.7236585
2023-04-20,85113.2517674106,101986.4138627373,108015.19331060785,104937.71458152462,85153.88261085095,101249.76038659053,76214.44258132894,116208.06150039345,95182.42366173523,87684.1536585
2023-04-21,85234.4543644106,101367.3465247373,108070.31471860787,104615.44529226738,84514.43421465094,100397.77692459054,76036.04605632895,115804.56015839348,95122.2223830412,87750.4536585
2023-04-24,85358.6439354106,102468.0837877373,108291.04575260787,105817.64748876738,84040.87882063899,100935.24298959051,75939.70761132895,116906.64185589345,95518.1670805412,87843.27365850001
2023-04-25,83945.8539354106,100132.125773545,106249.92811610785,103703.84859813562,83236.28183563898,98820.4632192122,73481.09136700732,114666.74980333282,94082.0570805412,86453.1836585
2023-04-26,84123.1125794106,99250.23277104502,106556.61088960787,102649.75380463562,82075.00292063897,97650.17212121219,72930.59821400732,113528.55473133283,92184.72803954121,86088.5336585
2023-04-27,85249.4538794106,99968.91030504499,108535.60280710788,102185.57418913563,84236.57454563899,98008.23056034734,74037.71606920382,114096.55846283284,92410.89953004119,87796.86365849999
2023-04-28,85739.30711668564,101421.32862204501,109211.62518360789,102805.69026113562,86854.49173117435,99809.81490894734,75334.91831670015,116186.99404178283,93691.06906654118,88541.6336585
2023-05-01,85996.58831718561,100934.85545404498,109467.61643760788,102581.33564613562,85959.36845217437,98672.19090894733,75247.55138020015,114908.34104178283,93540.78906654118,88453.2336585
2023-05-02,85179.50251968563,98093.19719541706,108425.98007960788,99921.91138431424,82916.97624090374,95415.41328493063,73928.12134815381,109561.17850218862,91963.29134043932,87463.1536585
2023-05-03,84536.26257018565,96791.92541453979,107940.93233626531,98648.73059946834,82570.59563240374,93543.73047306147,73163.44132865382,108660.4054047386,92141.3538254393,86864.2436585
2023-05-04,83113.97121953047,95890.05531064514,106454.9658625771,98060.65032114317,82232.89563240374,92059.59553333954,72633.52374736557,107030.18995076595,91279.71382543934,86252.0736585
2023-05-05,84476.73172503048,96884.37880174513,108195.9641065771,99454.13553464315,83790.76443240372,94424.75862153954,73984.32257436558,108383.96689626596,92014.83382543932,87843.27365850001
2023-05-08,85122.51473003045,96698.41680174516,108322.93410657712,99325.60553464317,84081.75425115373,93394.32247553955,74463.63283086556,108157.53377926594,92068.0521764393,87865.3736585
2023-05-09,84799.45397303047,96571.01780174515,108011.3061810771,99246.07685464316,82563.17207665372,92721.40845403954,73998.03283086557,107681.39377926596,91657.08385993933,87483.0436585
2023-05-10,84812.85397303046,95759.88280174515,108043.07598957709,98922.76982531189,82431.28830651108,91056.5973990956,75232.02419657396,108422.92377926593,91901.5838599393,87889.6836585
2023-05-11,85016.73099803047,94981.22465509515,107517.68063599661,98049.07469931187,82024.58273751108,90117.55283627221,75431.15504857394,108148.28377926596,91539.99556127765,87737.1936585
2023-05-12,84572.07354203047,94092.07449679515,107316.20421599661,98254.7116253119,82144.24305221201,90051.0458467722,75529.82895557396,108568.05953026595,91839.2344418274,87622.27365850001
2023-05-15,85185.26630203046,96342.83192379515,108178.75267399661,99687.4496188119,83070.307004212,92096.88133027221,76001.37026457395,109038.37231926595,92225.16695982743,87922.83365849999
2023-05-16,84507.01924503047,94247.97448379516,107111.50160199663,97827.5160138119,82679.20177871201,90036.70733027221,75520.60365330646,107634.90231926595,92122.66695982742,87337.1836585
2023-05-17,85457.49511403048,97607.9528329382,108373.39909399662,99629.19415648753,83153.829669712,93672.37633027222,75993.00204280645,108989.12575858652,92730.82808032741,88393.56365849999
2023-05-18,85979.10036503048,98127.34753393821,109797.2062989966,100053.27156548754,82965.503990712,94582.16733027222,77411.62451330645,109718.73244799032,93964.8087203274,89242.2036585
2023-05-19,85719.28232753047,98011.6218164382,109823.93045949662,100093.44848698755,83922.52890967204,94616.57246777222,78188.67541603104,110706.05820799034,93564.4487203274,89114.02365850001
2023-05-22,85463.40175753046,98182.5933094382,110501.42163949662,99972.77623898753,83509.17482017203,95985.76780952467,79083.19889153104,111891.64061549034,93153.1687203274,89149.3836585
2023-05-23,84124.46059203046,97776.8670362286,108672.21163949661,99482.40816297814,82474.1502752591,97298.91060115707,78543.435106221,112348.07672963235,91597.71647382742,88152.6736585
2023-05-24,83658.09510203046,97109.37631872864,107705.4474309966,98904.15484297817,82226.7296099,96561.7689541571,77670.2658080384,110986.22106163234,91553.99909182741,87516.1936585
2023-05-25,83903.64510203047,96423.44631872863,111004.60746699662,98602.50946547814,82086.7326524,95572.22603415707,77503.10085253841,109706.64106163233,92975.13351405048,88272.0136585
2023-05-26,84215.85159703047,96378.93599972862,111327.42470549661,98382.29946547817,81921.97265239999,95870.57847515708,77526.3990390384,110552.54106163232,93648.07613405047,89410.1636585
2023-05-30,83793.73118603046,96042.85575222863,111089.97021949662,97763.50506897816,81962.26265239998,94963.55624465707,77552.12310903841,109995.40115463235,93051.5049526746,89443.31365849999
2023-05-31,83752.81543453046,96117.59756022862,110878.14274849661,98326.44024597814,81756.53066290001,94335.68002580348,76926.8931090384,108952.18507226277,92403.6995572262,88950.4836585
2023-06-01,84572.28011603047,96063.12048472861,111045.16097599662,98777.80251197815,81916.2690509,95334.68182580348,78130.78744889097,111269.05504226277,93891.08069472619,89792.4936585
2023-06-02,86503.15037403048,97155.81646972861,114539.05097599661,100168.36096397816,82785.4106649,97882.41182580347,79802.38691749937,114126.7246747099,94967.5270777262,91085.34365849999
2023-06-05,86532.48671853046,97495.93915772862,114188.1767819966,99904.00327597816,82735.7071299,98079.20621380348,79033.66690349938,113069.0193197099,94784.5765726894,90912.9636585
2023-06-06,87266.39519703048,97082.23725472859,116138.4654336317,100149.53206997816,82836.8018489,98808.94155530346,79827.11324399938,113830.86758290428,96311.3530226894,91109.6536585
2023-06-07,87565.63192788021,95860.1365554903,116895.1480171317,99094.7072409938,82714.7785349,99252.83019786907,79321.88726199936,114734.07905571038,95914.83120039655,90795.83365849999
2023-06-08,87744.3467728802,96652.8956809903,116576.81801713166,99702.0093694938,82768.91000739999,98981.81386836906,79459.66726199938,114693.99676421036,97357.93983789654,91341.7036585
2023-06-09,87712.1257028802,96781.3985069903,116384.29367063168,99550.5917514938,82684.21543389998,97050.4077420948,79514.41637291707,114207.38251921037,98093.5509766142,91505.2436585
2023-06-12,88452.27570288022,96844.0785069903,116803.5797386317,99571.0763054938,82717.66725669996,97253.7286178886,80606.00835441706,114966.57251921039,99190.6562256142,92333.9936585
2023-06-13,88540.6043438802,96926.0850264903,117493.71318363168,100191.7463054938,82988.54125669997,99162.03444538859,82287.23156091705,115861.06251921039,100967.0474236142,92939.5336585
2023-06-14,89120.1485938802,97173.47933149028,117381.35094213167,100341.16498949382,82535.74525669997,98218.14594938862,82339.13610091705,116032.78251921038,100705.8161616142,93050.0336585
2023-06-15,89913.17036188021,97664.17933149029,118663.0082161317,100774.25141299379,83171.8788446756,99361.5859493886,84006.01610091706,117210.29239771035,102020.6075331142,94199.2336585
2023-06-16,89879.1563068802,97663.19933149028,118681.7682586317,101362.94037699379,82806.78509417562,98919.8499493886,83477.31308908077,116773.20551771038,101112.49753311422,93880.9936585
2023-06-20,89842.30349388022,97362.6408404903,118478.0782586317,100718.7334769938,82883.8820381756,98108.22594938861,82633.84825408077,115582.53025521038,101751.9578931142,93394.7936585
2023-06-21,89368.90795838024,97321.74131749032,118460.8771866317,100882.76242549378,82245.15463417562,98313.18594938861,82504.02054208076,115510.04874171037,100253.67163211422,92917.4336585
2023-06-22,89678.48964988021,97399.2492944903,118618.51305813168,101254.6159649938,82587.51894617561,98065.78537738862,81706.47950708077,114589.61876371037,100703.03999661418,93251.14365849999
2023-06-23,89254.94543838021,96935.51683749032,117701.06070163168,100877.46112099379,83318.5749541756,97613.60076975208,80884.75646647188,113594.14022665503,100157.3617201142,92548.36365849999
2023-06-26,90043.15439888022,97138.39550574028,117882.98794663168,101091.0215674938,82688.8794711756,98249.29393675209,81750.42443447188,115010.74624415502,97922.8769116142,92172.6636585
2023-06-27,91496.11996101875,98157.9184437403,118062.27951163168,101523.7147944938,83902.47820567561,98689.21208675209,82485.03169047188,116614.795424155,101107.8769536142,93180.4236585
2023-06-28,90809.60652901874,97079.26844374031,117314.30059113167,100425.7654444938,84620.07927567561,98415.3039887521,81858.76617047188,116477.03542415501,102643.71263213313,93226.83365849999
2023-06-29,91638.68758901875,97491.56797774031,117647.02261163168,100510.14544449377,84722.3492756756,99548.30394075208,82093.03369047189,117282.84342415503,102827.92040713313,93593.6936585
2023-06-30,92753.49359301873,97994.2037242403,118735.04529863168,101419.01642399379,85023.74927567561,99598.51786075206,82917.83339047189,117331.07942415502,104658.59528113314,94694.27365850001
2023-07-03,92475.22838201873,98995.93872424029,119174.56638413167,101987.6243244938,85153.60835567559,101039.74786075206,83357.50139047188,119392.92342415501,105799.14287579722,94802.56365849999
2023-07-05,91531.32194201874,98386.22372424029,118733.68970663167,101491.87697349377,84336.1707641756,100589.24786075208,82771.95856397189,118179.08942415498,105298.02599124503,94661.1236585
2023-07-06,90565.41733551872,97972.8682212403,117429.93970663167,101046.02706899379,83309.4738234256,99622.79786075209,81954.13977397188,116614.33696595501,103689.44586824502,93922.9836585
2023-07-07,90655.73904001873,98200.69121124031,117805.67377813169,100670.90971199381,84095.9873124256,102552.76778976423,82281.78833347188,118690.05555045503,104360.08893674503,93686.5136585
2023-07-10,91747.10981551872,98368.7241822403,118597.80171963168,101541.2278309938,84994.7959584256,102876.75561476422,82991.95067907189,119161.05710775501,105807.51204674502,93922.9836585
2023-07-11,91237.92311751872,98776.23991727825,118904.4248636317,101518.88816999379,86508.5939544256,104212.66091846238,84204.06616425951,120915.27149293687,106454.17128324501,94519.6836585
2023-07-12,91759.16049301872,98637.51203927826,119441.04975563168,101537.2549049938,87691.98434597446,103952.65157496238,84216.1779452595,121203.73210293686,105590.66651424502,95277.7136585
2023-07-13,91743.62090651874,98820.95866827828,118800.47525340141,101596.27414426646,88144.37094547447,104285.99350296239,85459.8481052595,122460.69364593684,104798.59651424501,96031.3236585
2023-07-14,92139.94098051872,99397.97866827826,119688.6756394014,101770.34931626644,87484.66439147448,104214.07346296238,85556.10845240878,122404.57364593685,103028.34100534127,95971.6536585
2023-07-17,92082.55253651873,99090.85035927827,119711.57334290144,102001.04931626642,87952.96439147448,102881.91655296239,85762.1611169088,122564.33364593686,103905.72662334127,96303.1536585
2023-07-18,91918.10933451873,98913.04475127826,119643.16018790142,101713.11119626644,88882.41439147448,103295.83158544033,85894.4486159088,122573.37364593687,105127.44958884126,97016.9836585
2023-07-19,91991.87235201872,99636.92475127825,119370.01457940141,101580.09498426646,88668.27048297446,104062.58321744035,84285.21861590879,122465.86364593686,105277.35099884127,97231.3536585
2023-07-20,91933.23706701874,99547.15475127826,120101.45693140142,102337.35768426646,87244.56992197447,104891.79321744034,84052.0649170519,122788.25364593684,104751.51494884126,96588.2436585
2023-07-21,92287.79070801874,99753.68379427826,120760.08693140141,102546.64768426644,86866.57529947447,104804.76321744034,83497.05771905191,123173.88534743687,103577.10042034127,96588.2436585
2023-07-24,92069.84198901875,99697.48151977824,120550.8820674014,102783.93248026643,87963.86671547446,104725.31138844034,83830.2764490519,123559.95150893687,104211.97409584126,97019.1936585
2023-07-25,92280.04083251873,99535.63726327823,120883.40787540142,103088.12291476643,87286.27279147446,104745.67900494034,84794.47538205191,123736.29765143686,103795.33988584125,97282.1836585
2023-07-26,92015.57509751874,99215.73057727826,120141.64887540138,102834.31376226642,88746.96396747447,105334.90496694035,86076.49679755191,125333.35763843686,106414.50487884127,97297.6536585
2023-07-27,90552.73405701872,97530.51953627824,118931.00282253229,99956.64155926643,88049.09574797447,103356.33553444032,85230.9880030519,123121.29464743688,105347.32773184129,96654.5436585
2023-07-28,90963.03991601875,98611.43592277824,119276.9620330323,100520.998596683,88843.33982747447,104507.79841444035,86129.97918305191,124547.56365743688,107588.76773184126,97598.2136585
2023-07-31,90968.71532401873,98054.63592277825,119947.28256553228,100510.76024868299,89032.42611747448,105379.88104644037,86260.2678450519,125304.68365743686,108136.77779258633,97781.64365849999
2023-08-01,90889.50142851872,97984.56297877824,120117.09510453229,100414.75024868299,88902.84611747449,104799.49190244034,85317.42438505191,123934.16365743689,106284.15165538633,97503.1836585
2023-08-02,90039.08203851874,98047.93530327824,118011.68015853228,99249.462959683,88309.4161174745,104242.18987044036,84458.75067505192,123167.87365743688,105712.20498338633,96150.6636585
2023-08-03,90035.11306759695,98037.65616427825,117916.82591703229,99206.54057968297,87836.23835597448,104282.08625644034,85055.58067505191,123268.97365743689,106348.32739988633,95876.6236585
2023-08-04,89975.36393759697,97332.90886927824,115301.10548903227,96335.3123868694,88309.17830097445,104399.08625644034,84808.4002390519,124927.83365743687,106562.38229788633,95445.6736585
2023-08-07,90760.01951059696,97764.58550227825,117306.26974603228,96733.6098658694,88419.53675147449,104685.16625644035,85604.6075155519,125180.57833693687,107117.00329638633,96274.4236585
2023-08-08,90694.80549459698,97468.89331827825,116648.90429646934,96924.90043220835,88303.43907507448,103891.82313900294,85514.02832745192,125905.33383513686,107241.077929585,95858.9436585
2023-08-09,89978.29892009695,97821.21366327823,115006.40118196934,97210.87371320836,87928.50280307449,104245.76850150294,85351.70716756191,126103.43722313689,106550.24410269968,95220.2536585
2023-08-10,89754.12960909696,97629.70975327824,114574.07041296932,96776.96468470835,87936.05860307447,103875.72416450294,85375.33481756189,125751.36445363687,106414.11837869968,95253.4036585
2023-08-11,89071.04848909695,97849.15255327824,113184.78781469387,96832.25468470833,87701.26678457446,105159.25357600294,85009.16476193107,126595.24514163687,106862.8183786997,95198.1536585
2023-08-14,89679.75760309695,98159.64983927825,114051.24638469388,97221.62565670835,87962.17890757447,104336.52089600293,83925.36417193105,125540.81574163685,105618.06437869968,95721.9236585
2023-08-15,88759.48788709697,97292.45983927825,113171.83556819387,96326.39657770835,87066.15182457448,102287.00683400294,82274.05750543106,123155.77274163686,103449.88183619919,94610.2936585
2023-08-16,87900.12228109698,96836.37451327824,111926.15831708233,95506.39715143623,86084.81088105007,101394.05032700294,81436.17788641473,122240.11274163685,102557.88921996682,93918.56365849999
2023-08-17,87146.29041659697,95322.44272227823,110466.05112458231,94570.25403743624,85378.80978105006,102570.49842000293,80611.1523413366,122773.25174163685,102620.07414446681,93204.7336585
2023-08-18,87085.01129132736,95773.77910327824,109917.87831996547,94682.94509643623,85707.37108305006,103570.69038000295,81077.90427750869,123426.02639775134,102683.70505896679,93248.9336585
2023-08-21,87375.05142782738,96870.52384677823,110337.06158946546,94759.98985543623,85116.84590715395,103252.97038000292,80652.52580350867,122823.78089775135,102014.55745446682,93854.4736585
2023-08-22,87952.38502382737,96857.13395977825,110125.15158946544,94436.13404543622,84007.19562365396,101945.37038000295,79646.6001835827,121182.21879291655,101514.60793446681,93600.3236585
2023-08-23,88617.39094582738,97732.68649477825,111286.39680796546,95428.97054743621,84558.90216030122,101115.50126843156,80139.7815751272,120712.77473946156,101491.25644296681,94641.2336585
2023-08-24,87845.82883682736,96606.39733177825,109894.83278446546,94095.06385843622,84101.84094780122,100592.31719793157,78612.54953062719,120110.96544946154,100881.11353446679,93332.9136585
2023-08-25,87920.69202182737,97002.4129866065,110591.62278446545,94825.26913543623,84112.19094780121,101093.01792993156,78841.97763062721,120451.97124996156,101264.0308769668,93989.2836585
2023-08-28,88509.55030632738,97488.5086236065,111355.05724446545,95627.41913543623,84786.96000580121,101629.75182193154,79973.21763062719,121259.87590196157,101744.2208769668,94581.56365849999
2023-08-29,89580.53164482737,98806.6211586065,112754.27200596547,96987.42236493624,85116.14331030122,102163.45677493156,81377.66763062721,122677.99590196153,102149.3508769668,95945.1336585
2023-08-30,90042.06287482736,99154.6111586065,113209.41213696547,97466.98741843623,85681.3433103012,102357.13754693155,81530.21183062719,122776.57590196154,102852.93378496681,96338.5136585
2023-08-31,89538.9701529131,99318.26010992525,113770.42506496547,97600.62124243623,85542.47617580122,102240.15429193157,81559.91907862721,122608.23590196153,102983.84818496679,96199.2836585
2023-09-01,89381.9876359131,99708.60087142527,113276.45728196546,97694.42008093622,86168.39052080121,103883.20693093157,80995.68730881053,124968.62590196154,104171.10348859627,96378.2936585
2023-09-05,88937.4577794131,99832.84087142524,112849.29211346548,97660.09589493622,85464.56843530122,104558.89685021325,79640.5819680413,125150.71590196155,103729.77997959628,95962.81365849999
2023-09-06,88689.4138944131,99760.52585342526,112426.95423246548,97652.55246493622,84986.56645430121,103825.92862621322,79239.0779220413,123371.12590196154,103729.65181759627,95319.7036585
2023-09-07,89128.87064941309,99722.54096192526,112878.90423246546,97655.45662393622,84813.29033680122,103191.92990978227,78101.08916794937,122423.55637646154,103421.2114356521,95027.9836585
2023-09-08,88975.0084614131,99936.93258442526,112689.14139096547,97871.15202143622,84578.07396030122,104135.00411628226,78077.99828644936,123210.50577736151,103439.6046326521,95169.4236585
2023-09-11,89201.7635104131,100000.26363242525,113093.28896596546,98293.22493493621,84431.32345930122,102763.3917168361,77729.60090344938,123237.93413336153,103901.5129861521,95794.8536585
2023-09-12,89249.89264441312,99966.20334242526,112674.97896596546,98673.56992093622,83943.89345930122,103981.2823988361,77754.34140344936,124677.26921736152,103478.3614101521,95271.08365849999
2023-09-13,88203.60423691312,99590.88125692526,112969.93117096546,98931.14992093621,83668.08235540043,103826.7138883361,77382.60140344937,123520.47598686152,103312.0014101521,95381.58365849999
2023-09-14,88755.72431391312,100698.03184992523,113445.11994546547,99670.69639343623,84943.05248090043,105942.81884033611,78351.25140344937,125641.21598686153,103563.76141015209,96201.4936585
2023-09-15,88250.4967559131,100007.38184992525,112387.18857046549,99040.25246793623,84288.00248090041,106122.90248273035,77655.07057713297,124849.89598686153,102242.69352617173,95045.6636585
2023-09-18,86915.99646766915,99817.84440192525,111753.13606446546,99081.90942793622,82862.1988169004,104629.28203573034,77496.21062413296,123252.51747675898,101400.20651617172,95100.9136585
2023-09-19,87202.96736566913,99483.56365092524,111821.83941896546,98683.20051193623,82790.7513453591,105117.87203573034,77366.50055513297,122872.22885575895,101252.59790217174,94904.2236585
2023-09-20,86458.78101166914,99361.16365092524,111363.44956096547,98636.2678224362,82139.56735525752,103827.25937973033,76492.42940980484,120952.56715174335,100174.8757011895,94035.6936585
2023-09-21,84456.15952366912,97815.59635992526,109731.63228096547,97270.73171943621,81033.67494575752,101961.64196104104,75112.69313079782,119225.31635174333,97911.40819544237,92486.4836585
2023-09-22,84044.53363061341,97079.72794592526,108970.91228096545,96826.41712144676,80791.87758175752,101547.13234179106,74598.91925929782,118470.58919444334,97379.29025303747,92278.7436585
2023-09-25,84325.7461381407,97046.75653392525,108846.09861393174,96686.94419744678,81093.46758175753,102216.95440779105,74644.53071379782,118604.25243414336,97785.54627553748,92665.4936585
2023-09-26,83123.8079513828,96494.92010592525,107650.07816043461,96119.79544294678,80439.02758175753,101145.08595429106,74427.07066171296,117456.05103614334,96284.42324453747,91308.55365850001
2023-09-27,83138.14478888281,96311.71799292526,106853.53503343463,95624.34494144678,80175.64758175753,102071.94312179106,74892.11905021296,118295.92329464333,96206.28324453748,91346.1236585
2023-09-28,83868.35478888279,95639.46690692526,107162.54503343461,95784.02494144677,80892.67676575753,102686.30786979107,75508.38905021295,119034.64699614335,97257.23324453748,91872.1036585
2023-09-29,83705.9498623945,95385.70480692526,106900.46453343461,95804.68665194677,80862.58709925751,102207.76275729106,75483.41905021295,118249.11188025137,95929.87324453748,91651.1036585
2023-10-02,83203.7229118945,94772.89480692525,106304.70844543459,95443.39396636077,79293.31423705745,100705.82990829105,74884.44905021295,116496.86709525136,95420.25387703747,91613.5336585
2023-10-03,81466.3774731116,92785.71771025658,105071.49896191541,94462.23813518029,78065.69574427453,99979.53371429104,73975.52905021296,115764.31809525136,94426.35952251306,90391.4036585
2023-10-04,82802.2165767116,93844.56451325656,106256.0244469154,95911.4732101803,78123.13471387261,99534.9882251943,73960.30740972597,115121.82109525139,95599.71871251304,91047.77365850001
2023-10-05,82932.03305821159,93955.71467491091,105684.21990867835,94505.99355199994,77128.16985437575,99085.4921192416,73261.08909422596,114643.00693925137,95917.89418301305,91014.6236585
2023-10-06,83898.22243321159,94910.24596791089,107045.02026467837,94839.42679649993,77292.23694487575,100200.38718274159,74093.11750014691,115596.85351425139,96332.82707801304,92090.89365849999
2023-10-09,83191.96977293794,94767.26187941089,107491.09026467837,94621.53866149993,78824.07989399217,102367.08311374158,74129.6004906469,116469.42104905137,97281.79377351305,92678.7536585
2023-10-10,83716.33948043795,95415.0998634109,108089.70679867837,94914.23802499993,79357.34001449216,102628.40876874159,74224.80691864691,116829.60528255135,97337.78350301305,93158.3236585
2023-10-11,83751.31116943795,95244.8627499109,108750.71115117837,95218.75234299994,78975.63001449217,102904.6587687416,74537.42727259282,117201.62157655136,97875.34647851305,93538.4436585
2023-10-12,82940.37685693795,93561.0304385144,108528.55126467835,94041.74261399993,77700.01001449216,102784.05346424159,74143.08124059283,115604.2046347686,97207.40647851306,92970.4736585
2023-10-13,82721.31578502178,94064.15953901438,107728.40126467837,94260.96261399993,77420.71085425769,104011.67018424158,73110.48165903409,115854.72496226859,97995.49647851306,92508.58365849999
2023-10-16,83462.61042852179,94371.5795230144,108447.29579267836,94637.94577399993,78320.43840625769,105742.8499588394,74188.1664250341,117887.08496226861,97928.05647851304,93478.77365850001
2023-10-17,84090.86355952178,94677.66952301438,109004.07573467838,95433.53286799992,79214.81704736059,106958.0709668394,74228.0264250341,120478.06263637685,98005.22207751306,93474.3536585
2023-10-18,83221.23982812179,94304.0753190144,108118.65808267836,94383.29695399993,78333.50634754878,105871.2005653394,72966.96804799915,119513.70957937685,97358.83101951305,92234.5436585
2023-10-19,83728.76810512178,93363.6780140144,106782.48277067837,93235.62952652047,77794.7992124933,104132.59409179735,73183.28913699916,117443.19714106983,96079.38267323318,91425.6836585
2023-10-20,82752.7130351218,92783.46055501439,105539.02407667835,92027.21472402048,76604.23657449329,102816.52947079737,72379.15212699915,116059.10501506983,94834.37096335969,90307.4236585
2023-10-23,83062.61202012177,92145.80178110705,105509.68418717837,91570.87408402047,76371.89456449328,101012.17947079736,72041.49241849914,114441.95361706981,94240.15767285971,90150.5136585
2023-10-24,83745.00589102009,93041.10533710703,106592.12418717837,92619.59408402047,76678.62650249328,101014.11632579737,72413.87892705019,115205.99515506983,94912.34628285968,90828.9836585
2023-10-25,82073.75390902007,92388.75831410704,105406.34886567837,91929.09937452046,75822.68589949328,100323.59006880928,71574.14520105018,115335.46370006983,93786.85893840312,89529.5036585
2023-10-26,81102.73566163644,92133.91316788738,104873.94630317837,91635.34906202047,75400.59306141117,99691.66574025185,71324.59929955019,114822.97207006981,93004.94442640312,88459.86365849999
2023-10-27,80985.28693513645,91742.72853788738,104283.25932667838,90659.62639402048,74073.02270627659,98203.93924025184,70727.39042796742,113476.29370396546,92013.13442640312,88062.06365849999
2023-10-30,81506.30693513644,92301.23142088737,103716.10003714685,91429.55639402047,74047.77884727658,98347.76920375186,71644.90996296742,113733.72518796548,92460.21442640311,89109.6036585
2023-10-31,81760.87350342164,93667.11206288739,104126.82356064688,91537.40093153785,74282.19085174533,97567.62702299806,72548.92851296742,113766.55518796547,93321.73442640313,89668.7336585
2023-11-01,83585.44462842164,95071.98206288739,105010.89729113619,91003.48960895892,74298.7071820981,97171.16307203387,73599.81851296744,113500.73518796546,93184.43842840313,90621.2436585
2023-11-02,85038.61876409812,96899.57081351905,107988.15322403269,93225.99131245891,75993.8705105981,100359.55292153385,74102.94226670716,116890.32518796546,94829.10493240312,92351.6736585
2023-11-03,86970.37937145546,96896.36719051903,110509.81088896138,95446.3066471083,78114.51591716954,102267.18792076851,74571.94775370717,117400.99222196547,95954.06785290311,93191.4736585
2023-11-06,87466.67823745548,96945.31764951904,110072.51870371246,94034.85011710832,78116.60941866956,100741.43441876852,74553.75730551878,117403.17455546546,95653.09211390311,93403.6336585
2023-11-07,86847.10747345547,95502.07717451904,110338.35837871244,93928.7322821083,77507.43941866954,100098.91079076852,74926.4804092136,116802.33147346546,95247.56631327311,93668.83365849999
2023-11-08,87884.01591563987,95284.92414338166,110118.32680432897,92655.9475451083,76783.89429166955,99359.81626397524,74886.99557121361,116772.94531546546,95049.88616327311,93737.34365849999
2023-11-09,87881.79352713987,95377.55896738166,107748.41112696874,91221.24541221569,76257.67524966956,97779.05502174287,74247.30521421361,116968.33929546546,93876.65074277311,93010.2536585
2023-11-10,88733.98592663987,95963.00473588167,109585.56243596872,92194.8564622157,76768.16446966956,99230.87482574287,74990.84980321361,118034.02380596542,94860.21765577311,94455.59365849999
2023-11-13,89097.56244113987,96471.30431038167,109321.11243596874,91993.54115771569,77563.84591216956,99111.39959624286,74829.2369392136,118165.70547046544,95517.48903767287,94367.1936585
2023-11-14,89426.92244113988,97531.75790805546,114051.81329971345,96277.6251550946,79327.91203054509,103840.51509377564,76954.92593921362,120732.33053796545,98403.05541412694,96190.4436585
2023-11-15,89577.05562113985,96784.71474405545,114989.05679968186,97330.78186925735,79750.86073399804,104837.32100720463,77602.3733703319,120933.52053796545,99436.64100612693,96393.7636585
2023-11-16,88336.25733613987,96173.48474405546,114174.35597018184,96596.24387625733,78881.92910249805,103242.86414870463,77100.7946333319,120119.18053796545,100255.50535062692,96510.89365849999
2023-11-17,89214.16243413987,97339.13658805547,114737.54661468185,97214.09934625732,79036.06905549804,103319.68995570463,77457.0594123319,121402.27053796545,100683.56523008202,96630.2336585
2023-11-20,89264.66726513985,97380.83286955548,115493.93957818183,97380.18924175734,79653.33496549804,103819.31328370463,77824.25401333191,121688.96793946547,101402.34109344348,97372.7936585
2023-11-21,89331.27561413987,97235.53286955546,114946.17953168185,96799.14924175733,79993.50221749804,103468.80469620465,77782.8977868319,121333.06779096545,100743.05435494348,97160.6336585
2023-11-22,89721.64193563985,97557.12286955546,115526.26503918183,97236.06924175733,80391.06221749804,104050.38130020462,77840.77800483191,121319.22773746545,101490.61392694348,97534.1236585
2023-11-24,89970.31676013986,97840.71647355545,115806.87268318186,97639.77098175733,80756.29221749803,104703.23130020463,78030.25266133194,121676.65277446543,101626.10413144348,97593.7936585
2023-11-27,90056.29255363985,97736.73422355547,114257.24511218184,96927.95041475733,80488.22221749806,103960.00402920463,77660.54920833191,121697.83933796544,102088.02902444349,97419.2036585
2023-11-28,90061.30766313987,97055.44591505546,114310.51231218185,97097.55329025733,80211.41221749804,104039.48119070461,77975.7277707599,122007.46590504807,101808.89964144348,97516.4436585
2023-11-29,90254.18938413986,96948.85207305546,114516.42188924711,97717.25977525735,80062.35481549804,104965.32119070464,77983.62753846252,122358.20415704807,103300.32396179556,97447.9336585
2023-11-30,91142.28938413986,96932.75522305547,115666.05103674709,97698.81721675734,80477.07960099805,106385.05835720462,78847.88146346253,123216.18458154806,103631.26780179556,97830.2636585
2023-12-01,91986.68004413987,97122.90563305546,117613.72317646605,98304.99429475734,81171.36948449805,107962.06627170462,80644.1172928832,126233.35458154808,105574.48780179555,98407.0736585
2023-12-04,91730.73533498772,96289.03563305546,117278.25711446605,98388.77466025735,82012.112196725,108915.22150046287,80642.98448691364,127133.58901607242,106439.06041970762,97892.14365849999
2023-12-05,91132.71006898774,95379.10332255546,115796.09320282818,97365.22360625734,81821.515916725,107487.22720046286,79653.44648941365,125626.74716207241,105763.8061552076,97872.2536585
2023-12-06,90752.32837548773,94306.86998055544,115263.07453382816,96342.04577925734,81648.63447493731,107277.23552446284,80029.40301931003,125059.55676657241,106428.52843120761,97478.8736585
2023-12-07,90627.13980098769,94329.15694209257,115507.2592941507,95903.65577925736,81948.17148893733,107392.19363400029,80131.37750931006,124744.67732957238,107823.92861720761,98221.4336585
2023-12-08,91005.84833298768,94837.86621709257,115754.34235015069,96397.65577925733,82294.84148893731,107828.00472950029,80541.5654346474,124912.53328907241,107689.2229572076,98641.33365849999
2023-12-11,91456.7223669877,95091.36745809257,116477.31905015072,96893.76583975735,82798.5114889373,109511.46854351138,81111.7711646474,125177.95192357241,107419.8813912076,99023.6636585
2023-12-12,91851.3700489877,94608.49392409259,117188.03226815072,96334.39131528098,82729.56701371813,109011.67093486412,80391.95593429318,124503.3514389287,107863.39207571617,99474.5036585
2023-12-13,92459.73985498768,95542.26131059258,118554.92000415071,97650.04014478097,85877.99049371813,113324.29371948025,84577.45480017735,130607.7126849287,109584.02092971615,100842.4936585
2023-12-14,92727.38220198768,97018.08881259257,117990.4027801507,100407.44393128098,88040.59083524924,117088.06514871976,87286.87684068772,135368.77713315183,111784.13582406266,101165.1536585
2023-12-15,92581.56220198769,96701.31318809258,118126.48681215072,100160.45251378097,88178.56937924922,115721.90649371977,86241.5050206877,133689.50760415182,109962.07567556264,100999.4036585
2023-12-18,93359.44126348768,97544.35621309257,118911.12846415072,101401.39171778096,89377.92937924924,116810.74147021977,85710.16489288384,132554.01296378495,110410.44567556263,101565.1636585
2023-12-19,94184.02140348768,98335.09621309258,119686.17826415072,102101.71404678097,90927.99828592321,118336.85571894827,87734.1045217,135683.90765860307,113715.06583456264,102179.5436585
2023-12-20,93370.03199248767,97495.59119709258,118983.18494665071,100860.74611228099,89828.28579842321,115737.7514939483,85453.9088917,131199.20961810305,111324.77848806401,100769.56365849999
2023-12-21,94329.23217248768,97939.08185909258,119928.05162065072,101565.86459228097,90922.6674686912,116889.19035894828,87732.43889170002,135014.86787017508,113726.99298606403,101722.0736585
2023-12-22,94568.48253248769,98193.30029309257,120465.15358665069,101902.60459228096,91312.0067486912,117918.89319394829,88037.9688917,135135.7839301751,113432.97068806402,101925.39365849999
2023-12-26,95081.16315048767,98554.47619909256,120960.9658221507,102301.75459228098,92001.10674869122,118265.21379494827,88677.6488917,136177.8039301751,113118.78667556404,102354.1336585
2023-12-27,95181.69639398767,98681.46518309257,121170.1172721507,102371.14587978098,92119.94674869119,118132.0537949483,88461.2788917,135782.32229017507,113288.43898906402,102539.77365850001
2023-12-28,94985.22584248768,98254.69359809256,121158.3167121507,102318.56498328097,92298.89674869122,118036.63379494828,88616.7084767,136120.2430641751,113447.978657064,102577.34365849999
2023-12-29,94669.87860748768,98329.86490359256,121309.31726365071,102611.19770328097,91583.45674869121,117384.11381044828,87849.31910169999,134951.92306417506,111956.17942806403,102281.2036585
2024-01-02,94057.84340748767,98372.87220359256,121212.55121565072,103538.09561828096,90433.4816291912,117035.15282844829,87454.8802207,134858.70467117507,110945.05699126623,101711.02365850001
2024-01-03,93299.02239803379,97800.70443759256,120313.84724815072,104401.89183028096,88721.12471550301,114578.49752894827,84915.5268997,131641.87729644636,107462.2379039945,100882.27365850001
2024-01-04,93244.19984403378,97625.14143759255,120774.81031865074,104354.57246178098,88759.01173961119,114101.24587663943,84631.8431072,131359.96984600867,106763.7327789945,100559.61365849999
2024-01-05,93466.57574303378,97318.97143759255,120573.28146565071,104332.13310978096,88905.92050011118,114178.16081463941,84707.1444317,130935.91109750865,107386.53596749449,100696.6336585
2024-01-08,94403.24534103378,98637.84294909256,122059.95043865073,104799.37325678096,90892.0028386112,114567.3714936394,86227.65009669999,133657.87872800865,108610.74213649449,102128.7136585
2024-01-09,95190.54054303377,97706.59131027365,121293.38698365071,103927.38223078096,90682.90283861119,115139.37198318793,86869.81174461031,133184.65872800865,108723.42874899448,101974.0136585
2024-01-10,95592.92837143378,97396.21964832365,121298.76011515074,104058.7099349831,91086.05283861117,114319.38139368792,86740.24706161032,133938.23872800864,109103.0576489945,102548.61365849999
2024-01-11,95269.61116393378,96679.7404246269,121089.77471115073,103439.9212499831,90667.79283861119,113559.26676368793,86084.3520616103,133602.92872800864,108355.49109599448,102504.4136585
2024-01-12,94663.82276143378,95665.6243886269,120656.56784715071,103012.59860898308,90265.49283861117,111508.84676368792,85573.3820616103,134247.53033400868,106927.08609599451,102575.1336585
2024-01-16,93767.03438443376,94584.4930849853,119749.48576365071,102438.03678899535,88969.69412130695,110137.44990098977,84838.3828356103,132863.90038500866,105484.3009911206,102199.4336585
2024-01-17,92424.48058743378,93119.39394848529,118315.20374965071,101714.48207599534,88078.37873430696,109152.79632217076,83747.54850961031,130953.85479800866,104813.94753508392,101633.6736585
2024-01-18,92281.39868993376,93266.2701249853,119375.72150715074,101967.47812949536,88423.70943380694,109630.37189228562,83951.64822189571,132114.04855900866,104877.99206958394,102535.3536585
2024-01-19,92687.61732294055,93526.79809792312,120523.0795126507,103281.96917649535,88830.70638180696,110305.31660578561,84156.42185339572,132603.94849450243,106122.62864158394,103808.31365849999
2024-01-22,93113.38190144055,94248.0704899231,121005.8352576507,103983.49953999533,89742.28364180693,111593.75660578562,84883.06233639571,134424.16811850242,106355.51021308394,104027.1036585
2024-01-23,92881.81190144055,95110.89048992311,121765.52872465072,103955.81480699533,90427.12339580694,111991.8175783541,85068.93078139573,134197.5026561051,106316.24559108393,104329.8736585
2024-01-24,92405.61810944055,94701.08048992309,121965.06791465072,103499.86681949535,89998.97174180695,110890.64783932574,84688.5200333957,133091.41210760508,106574.78166908394,104442.58365849999
2024-01-25,93700.63940594056,95408.90048992314,122738.77726365069,104862.24681949533,91165.47174180693,111674.63713232573,85673.44574739572,135882.39719210565,107466.21009908392,105010.55365850001
2024-01-26,94004.06458594056,95922.28048992313,122159.6331756507,105129.48694949533,91491.44053380695,111869.07915882573,85360.83028839571,135878.46312210566,107165.40420408393,104877.9536585
2024-01-29,94389.15858594055,96047.06651992313,123364.6297171507,106095.32258549535,92550.44692030696,113597.23737032575,86939.4602883957,137720.28312210567,107763.02916408393,105704.4936585
2024-01-30,94491.27559894056,96197.4351119231,123649.13910915071,105309.38663599534,91812.69692030695,111979.79737032573,86629.50028839572,135931.46312210566,107522.77780580393,105622.7236585
2024-01-31,94627.40677594056,95516.11146042313,122063.9412571507,104304.33686499533,91739.18840730695,110394.27552432573,85546.03377339571,133231.77312210566,106733.36368380394,103905.55365850001
2024-02-01,96397.41160794055,96029.83516092312,124353.5535731507,104799.88053200746,93422.25646130694,111547.36658233071,86376.62318789572,134802.54210255112,107847.96691380392,105260.2836585
2024-02-02,96535.60353794054,96702.0705209231,125115.1575811507,104669.57624250744,93638.63021011124,110732.73565133069,85476.95991513581,134600.5245990228,108797.77639530392,106365.2836585
2024-02-05,96258.55868144055,96460.7273879231,125703.88379862977,104026.75069950745,94286.80337961124,110644.13171358679,84519.7490516358,134830.2911099323,108566.92126491538,105978.5336585
2024-02-06,96280.09570844055,95772.83992642311,125303.37328962979,103765.54161450746,95307.30227061124,109566.3926335868,85165.9590516358,136652.33435993228,107631.55766741539,106285.7236585
2024-02-07,96684.00570844056,96240.52992642311,125963.91328962978,103998.38251300744,95503.21501361125,108671.5294640868,84400.94729763581,135089.8310599323,108526.42510291537,107169.7236585
2024-02-08,96293.57611444054,97299.7399264231,127176.81164362976,104328.51963350746,95814.23177161123,109706.15334708677,84355.45737663581,135597.12541393228,108646.78203391537,107218.34365849999
2024-02-09,96528.43248444055,97103.98689418692,125636.37949762976,104251.52453030969,96087.19177161124,109720.6824910868,84223.11725968157,134879.6354139323,109566.03930491536,107834.9336585
2024-02-12,96873.92042444056,95958.36861768691,125475.03592262974,104053.30348580968,96981.46156211123,110487.13752908679,84988.23112018156,138235.4570830958,108721.61723241537,107788.52365850001
2024-02-13,95399.34986294055,93860.99280068692,124052.38020912977,102675.34372080969,94869.37100061122,107473.36634725824,82525.47540623414,134696.7294266324,108006.72939941536,106307.8236585
2024-02-14,96728.60336194054,95245.2624431869,126628.52062004988,104530.05957260565,95326.34100061122,108728.50695375825,83425.97743773415,138546.38103859776,111457.17359711064,107271.3836585
2024-02-15,98000.80008144055,95578.97018068688,127445.67745204987,105387.32353060566,96789.86175061124,110533.08139525822,84208.27959073416,140187.71226109777,111847.58252711062,108009.52365850001
2024-02-16,97578.72575540042,94604.51423964679,126625.03294004989,104798.97296910567,96356.00017461122,109770.23110275825,84043.62596373414,138476.22216559775,110999.52660761063,107472.4936585
2024-02-20,97646.10442590041,94462.99654814675,126286.13073354989,103794.07165560566,95970.33218611122,108356.19400575824,83723.69641523415,137812.37867585203,109913.17597661064,106882.4236585
2024-02-21,98322.78483965041,94968.16999714676,126527.42712004988,103551.43522460565,95772.11021211123,107604.57883025825,84023.47003573415,138459.422056352,106761.85381161065,106979.6636585
2024-02-22,98833.95314165042,95992.71909664676,128337.56555354985,106047.59921860565,96060.71988311125,107273.84562375824,85190.84365763533,141902.1754400067,108291.06013711065,109187.4536585
2024-02-23,99079.47314165042,96391.20909664675,128616.71555354988,106467.44305010566,95552.99259811122,107285.74349365543,85612.92673213533,141758.0132395067,108454.92592911063,109262.59365849999
2024-02-26,98364.80813365043,95842.65007872912,128601.94095354987,106339.45970114261,96032.11153811123,105719.71817237404,85663.23676313533,140714.18039700668,108239.18549311065,108862.58365849999
2024-02-27,99870.65538480792,96905.01044333144,128752.63954604988,105867.83458764263,96966.79471097798,106561.90414687402,85698.68547463532,140795.5703970067,108428.49965511065,109063.6936585
2024-02-28,99535.57128980792,97809.88922283144,129033.03278504987,105997.11721414264,96852.70743397798,105314.54414687402,85229.69037463532,139992.3303970067,108051.01340511063,108920.0436585
2024-02-29,100208.03079480791,99697.53297283144,129415.22091004987,106245.9492641426,98013.45151897798,106376.31142197401,86284.82575563532,141461.9971060067,107921.77343511063,109311.2136585
2024-03-01,100528.02664130794,100319.57857633143,130752.81852654493,107294.95266664261,99419.88151897797,106683.83074747403,87431.6133446353,143738.25428050666,109316.43488511063,110334.4436585
2024-03-04,100111.58512430792,100253.98943933145,130571.38866304491,107965.2910580695,98613.64001546215,105697.68074747402,85595.86445392777,142214.31682450668,109745.84343711064,110217.31365849999
2024-03-05,100310.671633718,101716.63614733379,131111.2809870449,107323.07434306951,97877.35769835152,105483.81151947401,84950.17730242776,140836.80145250668,109727.31779711063,109118.9436585
2024-03-06,100709.304175718,101574.84856133378,131703.2609870449,108139.5421735695,98120.20572335154,105783.674386974,85264.65012874229,141505.55234200667,110546.05908049412,109669.2336585
2024-03-07,101063.79362571798,101684.37870383379,132327.59506654492,108572.00217356952,98738.14584385153,107304.68272297402,85658.81113424229,143057.71065250668,111055.4739114941,110754.34365849999
2024-03-08,102161.854953718,102056.4094718338,132288.40264454493,108231.7031435695,98221.33910785151,107265.135392974,85740.26650124228,143972.00367800667,109311.0943954941,110091.34365849999
2024-03-11,102990.16495371799,102247.59947183379,133272.39264454492,109107.0079100695,98365.64129185153,107653.78077797401,85228.90026967725,146104.34368978342,107948.6043954941,109998.52365850001
2024-03-12,103060.20845871801,101693.4727128338,132413.1638217081,109049.6840095695,98397.90033935153,106471.673600974,84432.39059117725,145606.2877892834,108210.9024008949,111176.4536585
2024-03-13,104072.22209828583,101694.35952983379,132627.13116870812,109420.06325356952,98664.64857335153,106897.7416293168,84476.60938117724,146630.8477892834,107412.92195327987,111004.0736585
2024-03-14,102924.56603578581,100297.52156650109,130833.2991447081,108751.9434535695,96934.46256835152,105295.77906268106,83292.05948117725,144770.99778928343,106524.09428127986,110785.2836585
2024-03-15,102110.5599317858,99647.34128950108,130832.46951434785,108615.9643580695,95958.70845049553,105775.23785369864,83553.27948117725,143054.76442459543,106387.61315329745,110027.2536585
2024-03-18,102743.16106528582,99744.85576800109,130700.64480534784,109200.5639610695,97219.56791599553,106046.81992919862,83720.12948117724,143105.3682285954,107134.98261729746,110679.2036585
2024-03-19,102972.66552028582,100301.45097200108,132203.14040734782,109885.88550606949,97391.72791599554,105494.89992919863,83827.56821267724,142851.68570859544,107657.79125479746,111291.3736585
2024-03-20,103750.37487928581,101138.45574650107,132700.76628734783,110187.3052220695,98928.72776595416,106962.97452469863,84135.68863717724,143456.83885959545,108818.20125479746,112319.02365850001
2024-03-21,103981.81755028579,101905.04879750109,133898.03628734784,110378.5214430695,99601.20135995414,107468.55499969862,84762.91208317725,143988.34258745398,109594.88499579745,112688.09365849999
2024-03-22,103714.15615028582,100892.3941203235,134570.3969934475,109439.2914430695,98761.76345955415,106566.20010819864,84059.15566317723,142778.775791954,109453.84758679746,112475.9336585
2024-03-25,103856.04509378581,100711.35253732349,134249.48971694746,109708.2889320695,100137.53533055414,107503.74543569861,84119.17406317723,143643.98805195396,110614.50402034572,112164.3236585
2024-03-26,103294.07509378581,100171.74253732349,134065.4597169475,109025.52416856951,99152.82842555414,106631.12760169862,83697.77127817724,141930.62247145397,109557.98714784574,111958.7936585
2024-03-27,104562.7415097858,103014.8842168235,137331.2072064475,111465.2005870695,100596.17522955414,108571.33344769863,85237.81980517725,144533.09226395396,110489.98187234571,112895.83365849999
2024-03-28,104537.7160272858,103640.84932162517,137679.17303894748,112420.19220206949,101447.11111955415,108909.7255661986,85503.09110117724,145502.22226395397,110691.93717334571,112875.9436585
2024-04-01,104765.0206252858,102816.33099912516,136131.75779594746,112188.2984325695,100561.13877805413,108673.52877519862,85262.77336317723,145380.00226395397,111770.61240456911,112679.2536585
2024-04-02,102341.53410678584,102290.31689862515,135231.23463288724,111490.51797656949,99866.95603255412,107556.1347376986,84227.90336317723,144646.47117195395,110887.79336756909,111965.4236585
2024-04-03,102019.08264678583,102460.47087662517,135464.09640938722,111695.31409606729,99825.70255593355,107724.10784619862,84146.19336317724,144717.97415895396,112694.257675435,112086.9736585
2024-04-04,101842.0159902858,102182.68053662518,134767.31677899353,111438.8710300673,99550.05529593356,107144.57784619862,84212.27284067724,144602.38691181247,110334.94034766922,110723.4036585
2024-04-05,101869.2127042858,102332.01863212517,135193.55934149356,111901.81379656731,100916.48280835287,107726.86188019863,84280.66477601592,145374.03742531248,111349.44858016922,111877.02365850001
2024-04-08,102926.59156928583,103473.96809812516,136285.36934149353,111954.76255056729,101358.56982035289,107363.54143119862,84812.44330601594,145313.89124531246,111085.41219800932,111938.9036585
2024-04-09,105184.91580791541,105770.67513125477,138331.91382349352,113231.1925505673,102897.49618336777,108408.24977869862,85632.34774901593,146185.15065181247,111156.40295950933,112069.2936585
2024-04-10,104029.5242699154,104294.85816175476,136898.40883149355,111116.94284306729,101942.56042986776,106926.82574619862,84402.06200601593,143508.95457181247,110796.54677000933,110948.8236585
2024-04-11,103880.64426991541,104363.56816175477,136885.07883149353,111125.9066720673,102581.82306486779,107119.0187481986,84360.58042401593,143625.05719231247,111381.15395800934,111784.2036585
2024-04-12,101916.29281882716,102361.33193875477,134928.49521449354,108882.55185074045,100506.5780672686,105285.8781106986,82833.56680051592,141641.7119058125,109282.84395800933,110246.0436585
2024-04-15,100692.6980104427,101745.72056125477,133491.49005199358,108251.75736024046,98916.2755072686,104515.14330036016,81789.39224833983,139657.52394316162,108485.31422300935,108869.2136585
2024-04-16,99984.7677769427,101223.61631525475,132712.85310199353,106969.10625887153,97897.64761852291,103559.17133541405,81677.01770833982,138183.3908245667,108200.65431200933,108670.31365849999
2024-04-17,99575.11037144273,100955.21411224396,132743.61281849354,106935.09324387154,97354.1716291109,102888.11969091404,81317.72770833984,136852.50811456668,107442.33288200933,108029.4136585
2024-04-18,99863.09602705724,101346.64387524396,133218.90082599357,107429.19006787156,96549.93650321806,101618.41198941403,80966.35770833984,136259.5888065667,105656.046802656,107808.4136585
2024-04-19,100098.17228905724,102016.19423824394,134137.20643349356,108618.94290787153,95735.95930714309,101618.93374841404,80044.3511543548,136930.08711984643,104850.02992351927,106869.1636585
2024-04-22,101112.21228905725,102088.05158124397,134568.36253799355,108706.20490637155,96392.7729736431,102667.62374841404,80557.71533083414,137423.57673534643,105686.13618101926,107850.4036585
2024-04-23,102208.84228905725,101698.64562229076,134310.75114741642,109057.78630437156,97510.23242114311,103403.51374841403,81568.36571283414,138976.46150934647,107826.19549301927,109127.7836585
2024-04-24,102826.66544055725,101751.33299779076,134557.4104604164,109390.70630437153,96936.2379901431,102375.94452591403,81145.99687783414,140514.68806134642,106883.43053701927,109074.7436585
2024-04-25,102326.64802605726,101551.61278529075,133629.97105641643,109438.09630437153,96688.13115014309,101054.61294707014,80318.12456183415,138742.87882534642,107854.6924319702,108661.4736585
2024-04-26,102405.61802605726,101923.41278529074,134428.22105641643,109128.18890387155,98934.51990141728,101473.84796757014,80475.13720083414,139699.79716734643,108410.03415847018,109689.1236585
2024-04-29,103270.09362788484,103946.63297227552,136276.32875358185,110444.99006102214,100002.4158599173,102090.40032257015,81423.29455283414,141509.06472184643,108188.1241584702,110075.8736585
2024-04-30,102959.06329451225,102944.5290882755,134494.11309308183,108928.53758052214,97845.12585991729,100636.99394877096,80155.13252283414,139599.36994584644,106970.66611154363,108336.6036585
2024-05-01,103288.58981351228,101707.31275902552,134588.0850010818,107234.82062102213,96067.03977831482,99341.71449878023,79125.35915203922,137635.22595084645,105820.07180754363,107987.4236585
2024-05-02,104136.52663201228,100880.3946925599,137119.24876616115,107003.28662110727,96180.67152781482,100756.66983578024,79834.69806762073,141320.14729641206,106870.40365404364,108992.9736585
2024-05-03,104302.71001201225,101482.20631005992,138450.94026216117,108632.44945610726,96636.76318531482,102150.36808578024,80990.18639412074,142353.0512544121,107647.18151554363,110341.0736585
2024-05-06,105131.95072801226,102426.6963100599,139881.13755166117,110320.13837110726,97537.19448181482,102298.09951828024,81442.75119862072,144396.83264841206,108434.3914085436,111477.0136585
2024-05-07,105194.46072801227,101888.9838895599,140014.93062953642,110709.5618688952,97605.95781031481,103632.54822294074,82151.56304962072,144299.76406041207,107994.2686085436,111598.56365849999
2024-05-08,105670.86072801225,102465.45845555991,141185.26423453641,110852.3581053952,96964.34321031484,102517.83575294075,81879.29496662071,144499.56406041209,108017.91331954362,111609.61365849999
2024-05-09,105478.00321601228,102744.01528705991,142446.67509829786,111324.29810539518,99142.7424142505,101130.82808594074,82208.10177662072,145883.68406041208,109071.99890154363,112250.5136585
2024-05-10,106404.57392901226,101821.3760508899,142167.59453729785,110991.79810539518,98750.3821278344,99606.34906294075,82512.90177662073,146210.84207133827,108555.3861120436,112396.3736585
2024-05-13,107018.0839290123,101935.18605088991,141308.81453729788,110730.2269118952,99154.7545638344,100073.31888404198,82856.45897096553,147159.1653833383,108426.66447304364,112409.6336585
2024-05-14,107572.63785451227,102937.12940288991,141865.37675029784,112555.28510689517,99339.5273078344,101147.856759042,83271.3752399655,149020.03901333828,110125.15447304364,112924.56365849999
2024-05-15,107942.12061901226,103362.82801738991,144274.06944029784,114203.81275003156,100034.23730783441,100961.135635542,84706.79101896551,150675.33969333826,111272.81762854362,114319.07365850001
2024-05-16,108491.38835101225,104404.00886338991,142635.80111329787,113604.28539303156,100348.5504373344,101231.28812554199,84629.89290365341,149110.8553033383,110483.04948604362,114084.81365849999
2024-05-17,108604.52467201227,104638.3651018899,142367.97880279785,114352.99708530186,100433.9023808344,101589.239853042,84657.77706865339,149943.4331853383,110826.30254404363,114248.3536585
2024-05-20,108116.41176901225,104410.74451388992,142407.45950529785,113921.80775630186,100846.6713168344,101258.61596566618,85522.6089671534,150885.1726703383,111735.19748704362,114378.7436585
2024-05-21,106498.27951151226,104344.16451388993,143991.46594429784,114814.16098030185,100844.37554933442,100153.35623566617,85043.4208496534,148979.6301628383,112082.00862504363,114659.4136585
2024-05-22,105976.57437501225,104150.07065388991,144643.08690379787,114477.03828430185,99874.79140933443,100867.3448451662,85589.21262065342,149204.66830883827,112378.12245020003,114330.1236585
2024-05-23,104242.11656751228,102274.08228429133,145759.73146543532,113707.91880080185,97127.32990933441,97813.02117130539,84225.11745365341,145500.36830883828,110044.43574682201,113496.9536585
2024-05-24,105797.82892001227,104429.99161909973,147334.01746593532,116203.27880080183,99744.65703333441,99200.57897230539,84934.35361365341,146469.7283088383,113072.760224822,114246.14365849999
2024-05-28,105732.51783755173,103881.08167090992,146123.20907743537,114627.34880080185,99907.63611733442,98786.42655830536,84340.7736136534,147280.2797608383,112941.71020532203,114325.7036585
2024-05-29,104569.6926608248,102978.5136579099,144618.91867214892,113497.58880080184,97565.88431983441,96706.29231636875,82809.02652787957,145246.2159741249,111444.60008761623,113527.89365849999
2024-05-30,105015.07312932482,103669.72017128806,143844.46261273057,114626.73884980186,97888.18855196361,97608.15984136875,82582.74954826308,145988.34451912492,111721.48748435166,112776.4936585
2024-05-31,105748.07657032482,104484.11673328806,142133.38870301502,115564.09921830185,98001.17100146362,98151.29890386875,83346.29058226309,146464.3664941249,110173.76821485166,113799.7236585
2024-06-03,104647.9648446998,103535.14835853336,141708.09486651502,115156.59076530185,97965.58713957982,98411.94339536874,83176.12262476308,145065.73897573294,109126.99573624053,113892.54365849998
2024-06-04,104394.91712869977,103420.69393503337,141266.04478251503,114935.26574430187,97759.80477807982,98235.11915235569,82594.49180878287,144349.1857682329,107705.75656319741,114020.7236585
2024-06-05,106236.3071286998,104224.71855803336,143386.10755151504,115546.16738130184,98677.7458150798,98318.62221635568,83240.30468628286,145542.11219723293,110501.62028519742,115371.0336585
2024-06-06,106525.88712869979,104205.32855803336,143353.89411151502,115570.01819280184,98281.27422657982,98582.22221635569,82885.73468628287,145760.94767323293,110057.7391521974,115368.82365850001
2024-06-07,106291.24712869979,102247.76134653336,143104.65703201503,114876.41284680185,97235.67395757983,97323.37221635568,82888.53976628288,145762.83568223292,108386.42579219742,115229.5936585
2024-06-10,106792.91712869979,102995.79797503336,144769.42767201504,115411.17883080186,97860.39966557981,96792.55382385569,83113.76094378288,145323.49568223293,109847.13224477656,115585.40365850001
2024-06-11,106795.36499419982,102780.95924403332,145149.20767201507,115336.57883080185,97690.1724300798,96881.20630935568,83409.17094378287,145153.38568223294,110440.18638777656,115861.65365850001
2024-06-12,107736.75126535648,104497.25830903335,146942.3591559488,116688.34173029759,98095.64552207982,97159.57006235568,84645.61106789339,145889.59215723292,112096.78903288084,116811.9536585
2024-06-13,106907.92703435646,104108.16170903337,146313.61552494875,116370.18033829758,97550.87307166574,97439.75505835569,84624.38022789342,145375.56804661182,111955.02334188086,117046.21365849998
2024-06-14,108225.98879535646,103028.73205003336,144802.19335289215,115874.60911179759,96796.90312266574,96875.67733485567,83867.34655139339,145520.1244406118,110351.94711558417,117116.9336585
2024-06-17,108636.62483885646,103110.33202803336,145318.68659889215,116485.90720979759,97747.33889166576,97187.53449485567,84205.17811939341,146416.6374731118,109804.65214013372,118047.3436585
2024-06-18,108171.98003535644,103710.33013553335,144198.1721961772,116739.9933226185,97172.91673166575,96637.75178785568,84556.0699648934,146324.88334089686,111412.03932313371,118345.6936585
2024-06-20,109052.40003535645,104421.35826353334,145437.4314241772,117110.1081361185,96886.90415666574,97805.68774585567,85321.79958819698,146077.3594488969,109530.24413413371,118025.2436585
2024-06-21,109469.39003535645,104914.00324003336,146777.64372417724,117621.2929691185,97643.48946666575,98642.50459135568,85525.801005697,146894.9301738969,107894.689549559,117866.1236585
2024-06-24,110366.87003535648,105468.56324003334,147834.21978417723,119260.54586511849,97364.74465966574,99119.76459135569,86350.53100569699,149338.5201738969,106355.257354559,117483.79365849998
2024-06-25,109457.54003535645,104641.46969603334,147895.43722217722,118700.8281691185,97155.12857966576,98478.00459135568,85710.71847069697,147603.2801738969,106889.824753059,117936.8436585
2024-06-26,109075.06003535647,104802.38063653334,147547.2314421772,118483.96062911849,97505.83542866574,98599.96300385566,85207.73456869696,148433.4901738969,106120.66920607898,118082.7036585
2024-06-27,108880.03463135645,104455.64908353332,147285.5414421772,118859.09062911851,97616.88005816574,99082.18256135566,85075.27456869697,148547.7201738969,106254.060992079,118268.3436585
2024-06-28,107874.83156283924,105063.26530353335,148570.71078717726,118913.10926911847,94847.71198066573,99716.94355135568,85368.68867119699,149310.62318689688,106999.15072857898,117804.2436585
2024-07-01,106592.18707833925,103217.85665453335,146828.4025231772,117529.59336911849,94058.17796416573,98630.18967835567,84395.29720619698,149144.0905144669,106185.71709757898,118045.13365850001
2024-07-02,106558.31790783926,103438.89376653335,146490.29414867723,118096.12553711851,94424.30832716572,98456.83293235567,84755.97408319697,149337.70309096685,106263.817097579,118838.5236585
2024-07-03,106436.32271583925,103539.16583053334,146292.90501667722,117911.4265346185,95322.75095216573,98773.25396435565,84248.04322319696,149849.46368596688,106912.61976257898,119366.71365849998
2024-07-05,106360.29729883924,103060.79898124692,147248.70183967723,118574.4074441185,95390.47457716573,97918.24518135565,84494.11042048519,149498.8630694669,106606.04358029854,120054.0236585
2024-07-08,106799.31729883923,103557.9905727469,146933.80168167726,118835.1317906185,96676.00737316572,98338.31227585566,84475.90860748518,150106.5909459669,107885.53341129856,120191.04365849998
2024-07-09,106318.00095229255,102888.36640728478,146289.9846341772,118379.2057886185,95760.20874466575,97550.03819785567,84321.1636299852,148595.6215914669,107328.70672129856,120308.1736585
2024-07-10,106789.18344229257,103692.07235528478,147356.8063961772,118925.03250561848,96460.35770287321,98171.27819785566,85281.19362998518,150194.40159146689,107186.15195729856,121494.9436585
2024-07-11,107022.02344229256,105979.46827928479,148446.0641701772,120951.68077861848,98270.11573207323,100263.09819785567,85590.28984198518,153768.2815914669,105712.07179729857,120451.82365850001
2024-07-12,107784.00344229255,107654.78232860685,149097.04865817723,121749.04336250498,99868.10810297137,101743.82728158166,86906.16382198517,156392.2635364669,106387.84848729856,121209.8536585
2024-07-15,106627.52028829255,107311.37049760683,147075.9686581772,120622.99915150499,99884.98375547136,101852.46484408165,87886.44672202534,156836.04163556988,106757.82022579857,121541.3536585
2024-07-16,108155.68172279255,108616.90636860683,148249.89297667722,122211.655652505,100416.5089144955,103950.31873158166,88816.85342098684,159346.01952509634,106853.49324579856,122259.6036585
2024-07-17,107919.38585579256,108617.42459260685,147529.39840167842,122079.84297473021,99451.0829734955,102898.67419408166,88430.16255291784,157693.33462859632,103753.23654653764,120551.2736585
2024-07-18,107369.30609379255,107660.94484360682,146005.1007522478,121568.21739423022,98732.47501108109,101571.80758808166,87940.59352491783,156489.87014806748,103420.98835803762,119625.2836585
2024-07-19,107276.55254429254,106548.80226810684,145680.89015624777,121374.2765397302,96529.33121653029,101515.73813208166,88300.98029891786,156043.74147806747,102154.11929803762,118834.1036585
2024-07-22,107998.41875929254,107569.33025110685,146594.96951824776,122412.15185473024,97744.55936953028,102200.00929208167,89199.41037641783,156655.0921555675,103549.56035803762,120056.23365849999
2024-07-23,106970.23875929255,107104.00621560685,146183.40938824776,120628.02903023022,96962.37403753029,100801.82178458167,89262.73781441785,156315.8713805675,103178.46671003762,119868.38365850001
2024-07-24,107023.02937650862,105453.32292898354,142432.20938824775,118353.07629401714,94636.85675053029,99181.99744978567,86647.73526191783,152850.36823153612,100524.21723763894,117158.9236585
2024-07-25,107174.29468050862,107579.54142021215,142478.3614666764,118260.26831346555,93853.12719268823,99019.4630268598,85816.30381905993,151261.63679756413,99873.15214685461,116551.1736585
2024-07-26,109017.36736078876,109727.12138471214,137766.00016817643,120009.27480946557,94806.81268218823,100142.4481258598,87618.85311905993,155826.93503731815,101618.27623735458,117852.8636585
2024-07-29,108908.29327628875,109047.77444271212,137849.84164817643,119824.56480946556,93976.8880749748,99988.57411685979,87475.94344605993,156404.65622731813,101574.1077683546,117921.3736585
2024-07-30,109296.21930978875,110682.05870621215,137621.40446767642,120135.81585446555,94836.76641928026,100789.3550963598,87345.53837055994,156747.0280673181,102262.4715808546,117324.6736585
2024-07-31,110637.66555478875,111752.13549887968,136478.09423967643,121174.88015249347,96083.37542478027,100639.73509635979,87672.96344005995,156799.35604941222,102285.36158085459,119227.48365849999
2024-08-01,109714.86527322652,109603.73062587967,134564.09889782863,118398.05367135486,97993.49688158877,100454.66149704187,88768.54473455994,155514.8178955125,100783.5702688546,117543.46365849998
2024-08-02,106579.47555336921,106356.48821656636,131537.2784778443,115224.16743902708,95877.8948251962,99102.91685254186,87785.88983357958,153687.03446985097,99243.50719935459,115359.98365849999
2024-08-05,105352.00552867158,104766.07586531392,127576.34522484429,113512.68368252707,94062.43196659617,97003.92870921061,84488.60870438487,150597.84117853048,96722.10238659233,112009.6236585
2024-08-06,106462.19037167159,105853.25879968064,127527.57972847993,114781.61701788238,94384.60805672334,97494.12159627896,85397.75329288485,152018.59062475857,96855.05012809233,113039.4836585
2024-08-07,107245.65893107158,104414.56587018062,126576.68588033784,113294.26499788236,91955.91139972335,96591.86616677896,84424.97564438486,150069.4488652586,95410.33182309235,112285.8736585
2024-08-08,107999.68350770138,104489.98939868063,128361.38853883787,116074.32499788236,93495.58781513598,97897.83819165773,86017.2065013948,152204.68066751544,96545.09921797113,114873.7836585
2024-08-09,107342.75843920138,104508.23352718064,128563.91805783784,115998.41723788237,93211.74391163597,97410.68224215772,86048.1764453948,152477.2734635154,96619.17327297114,115379.8736585
2024-08-12,106598.5026082014,103312.55631168063,128258.09912233784,114867.02734488237,93054.51391163598,97076.62326065774,85644.33644539482,150445.3837835154,95360.24229797113,115439.54365849998
2024-08-13,107947.63031414383,105396.58331168062,129372.75824233785,116182.19734488236,94733.45075163597,99250.3192791712,87136.51644539481,154419.46378351538,96961.31164797112,117333.5136585
2024-08-14,107864.92763014384,105278.02231168062,129836.25824233785,115911.55734488236,94617.609702636,98180.0481311712,86885.8164453948,152759.3537835154,97014.92610997111,117702.58365849999
2024-08-15,109973.01763014383,107252.32085668064,131108.04824233786,117910.95734488238,96067.56033163596,101539.3081311712,87923.19574698257,155820.5915490896,97987.45610997113,119715.89365849999
2024-08-16,110282.48871214382,107407.60915568064,131084.63341233783,118213.82958700115,96505.520822136,101520.46813117122,88142.69556048259,155855.55417208959,98301.70887697111,119983.30365850001
2024-08-19,110627.85325779104,108405.69379097965,131187.41314483783,118624.82074984141,96619.035216636,102524.13286353924,88704.45838498257,157611.06811508958,98654.19100147112,121125.8736585
2024-08-20,110440.90259779104,108645.91640797969,130938.97881283784,118080.65952934141,96214.08571413599,101793.94328453924,87763.78826798257,156434.62932508957,98764.41974847112,120929.1836585
2024-08-21,110924.92982679103,109349.97089197965,131660.63413683785,118763.93179434142,96473.27174663599,102478.92051693922,88374.60659698257,158378.58017758955,99261.26301597113,121344.6636585
2024-08-22,111184.23621479103,109234.89481795774,131222.16649533785,118396.9991723414,96526.85719413598,101479.95208993924,87173.70948598256,155222.61783358955,98927.1051059711,120394.3636585
2024-08-23,111903.38059629104,110483.30167445773,132366.06332983784,120624.67163351306,96970.47186913597,103173.70932693925,89024.20267698258,157492.75533508958,99847.22155397112,121671.7436585
2024-08-26,112235.68121829105,110120.00336345774,133045.54777783784,120541.40026001306,96511.46083607143,103065.04873993924,88771.95649610032,156283.88876415527,100181.1067529711,121382.23365849999
2024-08-27,112528.63794629104,109837.75823364781,133042.20839033782,121258.98704701308,96716.97117407146,104230.77691393925,89037.49340210033,157123.47261665523,100614.62433797112,121547.98365849999
2024-08-28,112649.52348429101,109076.08494614782,132217.48203283784,120680.05704701308,96807.91410407143,102873.03245393925,87884.15411921078,154090.9405029811,100132.79391247111,120842.9936585
2024-08-29,113412.93503429102,109650.41494614781,132987.39203283784,121714.83704701309,96404.93802157143,103351.29837913923,88479.04880851078,154054.6842937311,100658.08059247112,120854.04365849998
2024-08-30,114261.05503429101,110640.2606831478,134047.65203283782,122922.47704701308,96983.20999857144,104456.36637913922,89104.15580851078,155857.0258937311,101170.86059247112,122005.4536585
2024-09-03,113190.44881829103,106886.51310244924,132766.73636083782,120515.41417501308,96106.41905700028,101577.79938333639,87379.92391028037,152652.6823703997,100202.58903239408,119501.5236585
2024-09-04,113803.41000929104,105345.29019497178,133362.67731483784,121804.72836051308,96273.54643910029,101249.25013283639,87118.87738578039,152470.04806144972,99413.02506096687,119256.21365849998
2024-09-05,113163.95954479105,104969.73017297177,132339.10472983785,121319.30480901309,95420.29303810028,100672.32362913676,86852.36663241143,152606.31760715623,98857.64590496688,118968.9136585
2024-09-06,111288.73324405092,103941.4055158285,131096.23906183784,119630.79979219851,94805.41251410027,99078.70120613677,85734.12742142071,151683.16363795032,96923.4188676201,116971.07365850001
2024-09-09,111814.74498605092,104713.02579882853,132409.12395533785,120280.3586701985,95568.97167310028,100707.43997583991,87474.45384742071,153207.8067224503,97671.2833366201,118277.1836585
2024-09-10,112326.10183455094,104338.97964032851,132191.29045333783,119591.86585891,95372.55352810027,99652.93162383992,86909.97605542072,151191.49128245036,97969.23138262008,118789.90365850001
2024-09-11,112601.05773155094,106394.70557432852,132384.70199983785,120814.58566391,97522.69952810027,100679.85228316348,87453.15645225068,152544.02153769688,98681.89298762009,120005.40365850001
2024-09-12,113896.85284055093,105989.98557432853,133027.89533833784,121252.10566390998,98092.92552810027,101863.83222116348,88020.76473175068,153728.10702019688,99300.61123762008,121015.3736585
2024-09-13,115557.09698255094,107648.40557432853,133209.69856233784,122865.11566391,99015.48323680485,103843.91416726497,88938.29696675068,155176.65904519687,100317.9456520571,121645.2236585
2024-09-16,116391.29792484763,108193.07557432853,133768.26856233782,122984.71566390997,99104.15862080485,104293.00285326499,89283.7769667507,156560.0000451969,100775.01882805709,121824.23365849999
2024-09-17,116124.59458834764,109556.66544282853,134989.02404630062,124008.73566390999,99608.10595630485,105149.78285326497,90532.81623832596,157700.77506512648,101095.36882805711,121872.8536585
2024-09-18,116395.41058834763,109347.89420382852,135474.3390598006,124131.04009791001,99094.54278715601,104911.95191676497,90411.47680177676,156723.61710632648,101220.10655205711,121512.6236585
2024-09-19,117183.20335784765,111828.00804082854,136984.0840060692,125285.69136041001,98305.846993156,106190.49855976496,92583.65547563619,161498.251457626,101815.78422080711,123581.1836585
2024-09-20,117230.77708984766,110815.23405832853,138827.61936886137,124726.24063141001,97598.151629156,104880.30761576498,93961.0013157834,158641.66320862598,101716.8589423071,123369.0236585
2024-09-23,118292.62911234764,111490.4420068285,140036.10820186138,125449.60283541003,98606.9730188688,105382.90326961497,94270.23743978339,158887.106728126,101911.22461494111,123676.21365849998
2024-09-24,117635.90691834765,111505.6108408285,140832.8505053614,125728.67798541003,98329.13575586879,106042.46604211497,94070.89254078339,159111.53478412598,101899.74872083729,124027.6036585
2024-09-25,116803.67208744766,111141.48794582851,139919.69037386138,125719.08988541002,98682.7157558688,105094.55672411498,92862.84633482998,157342.84229973884,103001.6724058373,123755.7736585
2024-09-26,117813.61977644764,112568.63424732852,143697.4144698614,126684.9264803248,98111.11575586881,107577.00279913069,93433.99414432995,160710.73112973882,103623.99030406174,124244.1836585
2024-09-27,117762.87888144764,112503.1380048132,144256.34205636138,126632.05727932477,98474.0857558688,107722.59795913068,93692.42244782996,162290.99456373884,102978.41358938409,124065.1736585
2024-09-30,117764.54454544764,112554.63174381321,143845.56727236137,126330.75727932481,98664.58222786881,107298.95111663068,92963.15191982996,161172.91405373882,102485.37205849198,124560.21365849998
2024-10-01,116319.01583644764,112098.14174381318,143557.5272723614,125607.9071432821,98913.1895328688,106503.88850813068,91768.45191982995,160274.5340537388,102794.16026928659,123448.58365849999
2024-10-02,116395.25468844763,112067.8303743132,143629.24991036137,125283.09471878209,98806.0158348688,106764.35850813065,91191.80123682997,161559.49295623883,102230.73352043495,123499.4136585
2024-10-03,115910.93468844764,111475.3133018132,144018.52851736138,124675.77051628208,99011.3108028688,106982.05783863067,90941.72554122064,160871.75008941547,103489.99865643494,123273.9936585
2024-10-04,117036.37953644765,113095.15518381321,145276.26146686138,125217.9070632821,100075.7150238688,107469.90478763067,92327.44770422064,162403.92896791548,105819.83945343495,124392.25365849999
2024-10-07,116808.43691994764,111655.5048063132,145520.26727414533,123771.00490578207,100313.01968165248,107729.96875732373,91795.55852144315,161512.83521191546,106564.76762219769,123269.57365850001
2024-10-08,118491.73977944763,110690.23465681322,146825.90812914533,122780.2031472821,100488.55578315246,107434.66245282373,91894.26389144316,160356.57194791545,106319.5062081977,124434.2436585
2024-10-09,120524.70970994764,111383.47820981321,148421.79253364532,123835.13935278209,100898.03973615248,108198.67852782372,92963.6050771861,161649.88925091544,105982.6839717813,125293.9336585
2024-10-10,119696.82577244764,112035.9897928132,147515.49073364533,124757.54726478209,101365.42973615248,108396.35347482373,92592.96255618612,161433.78194841545,106332.09125728131,125075.14365849999
2024-10-11,119723.60456694763,111806.05232510646,148925.10459114535,125039.13725978207,101029.53496165248,109590.53440982373,93118.76414868611,163075.55514191545,106473.6273667813,125822.1236585
2024-10-14,120205.58513994762,111434.64004610643,149682.11613714532,124482.8372597821,101604.78952965248,109316.94035182372,93842.5486716861,163380.47874591546,106634.00022578129,126847.56365849999
2024-10-15,119080.46419844763,108557.86443010643,147910.43741214534,120871.27725978209,99904.39669690549,107494.80778882373,92916.07242168611,158865.33632191547,104424.29685054063,125864.1136585
2024-10-16,119299.42153144765,109726.99443010645,147530.4674121453,121398.14453217438,101622.3935449055,108826.11434482373,93419.21242168611,159623.02632191547,106882.40720854062,126409.98365849999
2024-10-17,119623.07824394762,110341.58337410644,147800.4806746987,121664.25044817438,100435.10794192448,108387.87039306803,93264.6428191861,160286.62737387087,105212.48460854063,126421.0336585
2024-10-18,120777.40685594763,109983.5858506629,148824.2751506987,121130.96499033863,100780.97543192447,108917.97186156805,93728.72393618611,160041.82765437086,105648.94243854062,126907.23365849999
2024-10-21,120897.16071144762,108876.95222216289,147710.0638301987,120197.12234389411,100099.64119092445,107724.36600827824,93028.05955218611,159577.28130787087,105016.15485104063,126699.4936585
2024-10-22,119046.05171094764,109518.21968316288,147734.19307519868,121099.44178689411,98922.84543870158,107166.53073820895,92330.88014268612,158895.57388387088,104452.38753754062,126630.98365849999
2024-10-23,118095.62833638748,109016.56636816288,146398.8868126987,120180.21195639411,96870.8260567016,105305.41459895895,92098.5520736861,156312.17558262087,103327.40838454061,125477.3636585
2024-10-24,118456.35715438747,109165.13364516289,147011.2255486987,120303.0301813941,100214.1164734092,105904.36117095895,91369.03488668612,156948.41161312087,104574.71826093733,125746.98365849999
2024-10-25,116904.80661938747,108758.42135466289,146552.6270721987,120610.74946339411,100257.7485459092,106193.01947745893,91426.24021718612,158325.59846312087,104306.94636793733,125704.9936585
2024-10-28,117522.44219538748,109967.31867566289,148310.8339981987,122710.76341339409,101206.88067790921,106410.93616145896,92147.4477071861,159854.2371491209,105147.21419493732,126091.7436585
2024-10-29,117378.13072038746,110417.51567566287,147823.30494919867,122316.13341339408,101466.33538840919,108008.87646383909,93276.78115968613,162993.45665562086,106045.55279243733,126295.06365849999
2024-10-30,114915.57413838747,109490.48855566289,146102.3632141987,123100.4034133941,100884.94995890922,107362.0906663391,93197.46610968612,154476.25411812088,105757.71780171813,125914.9436585
2024-10-31,114701.35564488747,108342.93855566288,143681.27685374807,123721.5822290991,99492.10075740922,104415.25751056484,92615.28172116849,152450.3800863524,104216.76573022662,123453.00365849999
2024-11-01,115097.03738438748,108376.17087166288,142334.02959124808,122980.16748909911,100059.2232607495,106192.66590556482,92969.18940298479,153053.19458735245,104459.54079022662,123972.3536585
2024-11-04,114954.40738438745,107712.45245016288,139945.27648450516,121906.40225865232,100510.87511124951,105597.62918956486,92073.53252597341,152243.32543035244,103786.63079022661,123704.9436585
2024-11-05,117244.75738438746,109268.43407266287,142955.67308600515,123846.80661965233,101422.41163301,106488.85506156486,93634.9460719734,154218.67190585242,106374.78644422661,125198.90365850001
2024-11-06,119398.54977616268,111984.07205888859,147992.01572679577,129862.97121415232,103717.37713501,107617.00005258084,94425.01155107279,159106.14225985244,113446.25591070218,128303.9536585
2024-11-07,120832.80057988338,112373.99993338861,148746.00277079575,130460.8089466523,103912.67452050999,109585.37023652483,95524.55474608258,161092.28452501475,111651.15962970219,129291.82365850001
2024-11-08,118171.7064593834,114424.60445238861,151952.1729006736,131601.26758014032,103334.60002338918,109334.10449052484,96321.59217983259,160848.0104395147,112973.37125420218,129850.9536585
2024-11-11,117282.76966308754,111657.51934488858,153448.0721326627,132239.32552517607,103331.73833338918,108940.18294037851,96947.77486083258,160858.83565058673,114508.79316715918,129974.71365849998
2024-11-12,115700.63394398446,111689.87328259464,152732.66713266273,132085.2892971761,102002.85347075108,107964.10122838944,96290.20486083259,159492.75337458673,113606.12499265917,129572.4936585
2024-11-13,115837.03506398448,111084.44812509467,152737.96333016272,131631.0176968753,102818.58954175108,107850.46048288945,96659.30486083258,160259.43337458672,113990.1912688165,129634.3736585
2024-11-14,115594.35142398448,111148.82672659465,151390.5589226627,130050.5764308753,103077.96404675109,107118.18421246644,96518.65445760153,159288.17853769922,112796.55545394818,128803.4136585
2024-11-15,113572.84495165138,108246.38345959465,151444.33892266272,129370.29745587529,100814.80190325108,106397.85093396643,94743.82946760154,156245.32851508184,113046.01484694821,127156.96365849998
2024-11-18,114888.43814665139,109381.84219459465,152731.25892266273,130215.02116837529,101299.24063442368,107770.66677043992,95571.32191531344,156845.5394859155,112814.89415870127,127676.31365849999
2024-11-19,114141.43814665139,109551.71219459467,153967.28640166274,130348.70476362528,101152.90327192369,107762.12377043991,95326.24263281343,156611.5152884155,113151.32115112187,128142.6236585
2024-11-20,114072.29564686652,110216.72782259465,154195.28861766274,130696.80411612529,101114.15327192367,109292.23411043991,95945.05825681343,157937.49209841545,113425.89146562187,128186.82365850001
2024-11-21,115349.85165336652,111848.48701259465,156375.3309283207,132242.63329138147,102754.71373914482,110124.82302443992,97304.46324681345,160505.96683791545,115220.35889462188,128871.9236585
2024-11-22,116503.55095886653,112741.85658109465,157377.77273382072,132989.55018038145,104000.13097767187,111285.93636443991,97850.7817791244,161742.7889264233,116574.78663362187,129271.9336585
2024-11-25,118132.99894636651,113860.41641909465,157973.0589273207,133609.69549388147,105810.31403620947,113549.5163644399,99470.1944931244,163256.78786148882,116855.39663362189,129709.5136585
2024-11-26,117809.83653536651,113451.53186309464,158025.1643558207,134109.83310688147,102906.01622059061,112097.43364443992,98477.1844931244,160584.6753614888,117625.59308377994,130383.56365849999
2024-11-27,118172.48251686651,113352.11128109464,157304.7195678207,133448.99975688144,102447.9137810906,112006.95202893991,98063.97449312439,160104.26536148883,117570.51237077996,129990.1836585
2024-11-29,118923.40161686651,113829.18621359463,158078.13959632075,134172.28449188147,102871.24378109063,112726.09850093992,98584.85449312438,161464.2203614888,118403.90614377995,130794.6236585
2024-12-02,118473.02176186652,114460.23621359463,158141.5514063207,134622.40990638148,103076.35789709062,114249.82394303597,98823.33620062441,162228.7019614888,117587.61641972286,131028.88365850001
2024-12-03,118268.21333336651,114123.62283109463,157624.3945258296,134271.93465738147,103249.78452509061,113748.93249538876,98589.16078732398,162385.08789998884,117974.08181016483,131090.7636585
2024-12-04,117478.31874336653,114516.52633909463,158918.5927138296,134848.98298938147,104021.09309484062,113146.90674188879,98496.0118062977,162090.12784698882,118379.10055109137,131901.8336585
2024-12-05,117117.72874336652,113146.63633909464,158955.65259382958,134829.16906738144,103643.7481548406,111727.36175788878,97114.0061162977,159033.78364198882,118704.27316609137,131685.25365849998
2024-12-06,116990.10524134894,113383.52891309463,160367.7733338296,134525.29002788148,104570.34815484061,112973.10908538877,98303.4479877977,161322.34639948883,120767.51956738468,131934.9836585
2024-12-09,116679.39825047445,113576.83752859464,160288.19516582962,133404.97929988147,105828.90005895737,114781.40196738877,100232.00049122743,164722.99011260096,119510.73384638179,131256.5136585
2024-12-10,115620.46684248852,112817.21325210872,158930.21371931105,133718.66592032745,106142.41240895736,114801.23417037587,100048.86981199804,165055.79100235098,118784.45953657797,130849.8736585
2024-12-11,114706.2133779885,111821.12735710871,159770.13903881106,134129.77907032747,105181.92226195736,114809.63471787587,100840.17701299803,166088.53049185098,119454.6453911742,131857.6336585
2024-12-12,113637.50786548851,111509.44737360871,158493.50991181104,133952.92365532744,104005.47656385906,113406.08328399465,100620.08701299803,164697.6837633663,119819.39927210734,131181.3736585
2024-12-13,113512.0351639885,111277.56883063697,158080.23135031102,133973.86819882743,103610.59571085907,111927.93195749464,100386.23701299803,164904.26205536633,120458.71164985733,131154.8536585
2024-12-16,112881.69927187674,110238.46693813697,155311.76000756107,132905.68550732743,101310.95272910908,110199.73484574465,98964.74505656268,166016.26205536633,118584.78504985734,131713.9836585
2024-12-17,112202.60324070587,110007.96693813696,154225.21328756103,132863.31645732743,101577.89994410907,110174.43847624463,97977.97226159906,165876.69229136631,118185.80448024778,131172.5336585
2024-12-18,109698.30111654865,107438.34355813697,149675.87057620246,129872.04219532743,98915.66893295576,106437.91712488949,95611.91186740743,162776.0229393142,113335.32113103673,127271.88365850001
2024-12-19,108586.20497379865,106701.68567665196,150761.77770070246,130017.18697132745,98188.02898484272,105724.25265576731,94296.80238554266,160724.75970814418,112871.7381733946,127234.31365849999
2024-12-20,109446.54497379868,107733.64156915195,152974.46770070246,131505.60029932743,101261.39729484273,107783.04729276733,95387.44302104264,162191.5958956442,115419.18140320119,128757.00365849999
2024-12-23,109810.82110379865,108169.93830115197,152718.48286070247,131686.68289482745,101038.1538091157,108838.39432276733,95981.51302104266,162998.9358956442,116443.05386438304,129526.08365849999
2024-12-24,110693.66736829866,108945.20807215196,153876.05605720246,132390.16357382745,101967.72263061571,109287.68944426734,96519.59715354265,163749.3423181442,118969.33799766404,130962.58365849999
2024-12-26,110685.31432929865,109155.69761615196,153782.5936922025,132417.27104582745,103299.31601361572,110106.84923826733,96563.91247554266,164048.30600714422,119538.99234166404,130971.4236585
2024-12-27,110276.05696529865,109008.97589215195,153005.81709920245,131669.57489782744,102592.9289401157,109486.51923826733,96121.11384204267,163091.8927336442,117674.38234166405,129596.80365850001
2024-12-30,109077.22775255085,107774.95884515195,151226.80652420246,129975.22653182747,101201.8660761157,108397.80768726731,95026.01679379742,161712.98974964418,115644.87780566403,128120.5236585
2024-12-31,109776.35951055084,107996.05884515196,152774.20038620246,131112.74362732744,100295.85131229984,109122.56874326731,95356.50489329743,162437.3497496442,114174.9420814361,127656.4236585
